Entity,Code,Year,wat_sm_number_without
Afghanistan,AFG,2000,18509221
Afghanistan,AFG,2001,19243448
Afghanistan,AFG,2002,19950749
Afghanistan,AFG,2003,20717892
Afghanistan,AFG,2004,21436557
Afghanistan,AFG,2005,22035155
Afghanistan,AFG,2006,22492140
Afghanistan,AFG,2007,22739015
Afghanistan,AFG,2008,22920117
Afghanistan,AFG,2009,23208846
Afghanistan,AFG,2010,23606659
Afghanistan,AFG,2011,24103905
Afghanistan,AFG,2012,24673944
Afghanistan,AFG,2013,25276443
Afghanistan,AFG,2014,25854552
Afghanistan,AFG,2015,26369007
Afghanistan,AFG,2016,26810000
Afghanistan,AFG,2017,27191632
Afghanistan,AFG,2018,27529335
Afghanistan,AFG,2019,27846964
Afghanistan,AFG,2020,28188417
Albania,ALB,2000,1591587
Albania,ALB,2001,1593606
Albania,ALB,2002,1594830
Albania,ALB,2003,1593761
Albania,ALB,2004,1530163
Albania,ALB,2005,1463817
Albania,ALB,2006,1394683
Albania,ALB,2007,1323311
Albania,ALB,2008,1251264
Albania,ALB,2009,1180271
Albania,ALB,2010,1111388
Albania,ALB,2011,1044708
Albania,ALB,2012,979693
Albania,ALB,2013,915860
Albania,ALB,2014,852578
Albania,ALB,2015,850046
Albania,ALB,2016,848133
Albania,ALB,2017,846880
Albania,ALB,2018,845986
Albania,ALB,2019,845091
Albania,ALB,2020,843928
Algeria,DZA,2000,9288298
Algeria,DZA,2001,9233478
Algeria,DZA,2002,9176867
Algeria,DZA,2003,9122057
Algeria,DZA,2004,9072872
Algeria,DZA,2005,9032255
Algeria,DZA,2006,9000871
Algeria,DZA,2007,8978836
Algeria,DZA,2008,8966463
Algeria,DZA,2009,8965022
Algeria,DZA,2010,8973924
Algeria,DZA,2011,8993080
Algeria,DZA,2012,9021622
Algeria,DZA,2013,9058227
Algeria,DZA,2014,9352666
Algeria,DZA,2015,9719710
Algeria,DZA,2016,10110059
Algeria,DZA,2017,10523212
Algeria,DZA,2018,11030132
Algeria,DZA,2019,11564160
Algeria,DZA,2020,12111020
American Samoa,ASM,2000,12817
American Samoa,ASM,2001,12264
American Samoa,ASM,2002,11674
American Samoa,ASM,2003,11038
American Samoa,ASM,2004,10352
American Samoa,ASM,2005,9609
American Samoa,ASM,2006,8820
American Samoa,ASM,2007,8000
American Samoa,ASM,2008,7181
American Samoa,ASM,2009,6389
American Samoa,ASM,2010,5638
American Samoa,ASM,2011,4924
American Samoa,ASM,2012,4235
American Samoa,ASM,2013,3557
American Samoa,ASM,2014,2877
American Samoa,ASM,2015,2192
American Samoa,ASM,2016,1503
American Samoa,ASM,2017,911
American Samoa,ASM,2018,908
American Samoa,ASM,2019,906
American Samoa,ASM,2020,904
Andorra,AND,2000,6121
Andorra,AND,2001,6303
Andorra,AND,2002,6556
Andorra,AND,2003,6850
Andorra,AND,2004,7137
Andorra,AND,2005,7382
Andorra,AND,2006,7581
Andorra,AND,2007,7739
Andorra,AND,2008,7849
Andorra,AND,2009,7906
Andorra,AND,2010,7905
Andorra,AND,2011,7839
Andorra,AND,2012,7715
Andorra,AND,2013,7560
Andorra,AND,2014,7414
Andorra,AND,2015,7300
Andorra,AND,2016,7235
Andorra,AND,2017,7207
Andorra,AND,2018,7208
Andorra,AND,2019,7221
Andorra,AND,2020,7232
Armenia,ARM,2000,617479
Armenia,ARM,2001,610049
Armenia,ARM,2002,602875
Armenia,ARM,2003,595788
Armenia,ARM,2004,588492
Armenia,ARM,2005,580789
Armenia,ARM,2006,572438
Armenia,ARM,2007,563607
Armenia,ARM,2008,554955
Armenia,ARM,2009,547391
Armenia,ARM,2010,541506
Armenia,ARM,2011,523659
Armenia,ARM,2012,507249
Armenia,ARM,2013,491633
Armenia,ARM,2014,476508
Armenia,ARM,2015,464315
Armenia,ARM,2016,451589
Armenia,ARM,2017,429258
Armenia,ARM,2018,415518
Armenia,ARM,2019,401572
Armenia,ARM,2020,387868
Austria,AUT,2000,286109
Austria,AUT,2001,270411
Austria,AUT,2002,254851
Austria,AUT,2003,239280
Austria,AUT,2004,223526
Austria,AUT,2005,207499
Austria,AUT,2006,191200
Austria,AUT,2007,174702
Austria,AUT,2008,158076
Austria,AUT,2009,141391
Austria,AUT,2010,124668
Austria,AUT,2011,107872
Austria,AUT,2012,92313
Austria,AUT,2013,93036
Austria,AUT,2014,93817
Austria,AUT,2015,94648
Austria,AUT,2016,95537
Austria,AUT,2017,96472
Austria,AUT,2018,97407
Austria,AUT,2019,98272
Austria,AUT,2020,99013
Azerbaijan,AZE,2000,3424257
Azerbaijan,AZE,2001,3311103
Azerbaijan,AZE,2002,3195127
Azerbaijan,AZE,2003,3075710
Azerbaijan,AZE,2004,2952089
Azerbaijan,AZE,2005,2823763
Azerbaijan,AZE,2006,2690440
Azerbaijan,AZE,2007,2552134
Azerbaijan,AZE,2008,2408998
Azerbaijan,AZE,2009,2261087
Azerbaijan,AZE,2010,2107716
Azerbaijan,AZE,2011,1948617
Azerbaijan,AZE,2012,1809669
Azerbaijan,AZE,2013,1693121
Azerbaijan,AZE,2014,1571249
Azerbaijan,AZE,2015,1443825
Azerbaijan,AZE,2016,1392860
Azerbaijan,AZE,2017,1340042
Azerbaijan,AZE,2018,1285373
Azerbaijan,AZE,2019,1231437
Azerbaijan,AZE,2020,1183975
Bahrain,BHR,2000,7750
Bahrain,BHR,2001,8024
Bahrain,BHR,2002,8340
Bahrain,BHR,2003,8711
Bahrain,BHR,2004,9153
Bahrain,BHR,2005,9666
Bahrain,BHR,2006,10268
Bahrain,BHR,2007,10934
Bahrain,BHR,2008,11669
Bahrain,BHR,2009,12319
Bahrain,BHR,2010,12807
Bahrain,BHR,2011,13098
Bahrain,BHR,2012,13226
Bahrain,BHR,2013,13370
Bahrain,BHR,2014,13584
Bahrain,BHR,2015,13948
Bahrain,BHR,2016,14497
Bahrain,BHR,2017,15191
Bahrain,BHR,2018,15957
Bahrain,BHR,2019,16686
Bahrain,BHR,2020,17301
Bangladesh,BGD,2000,57103829
Bangladesh,BGD,2001,58187172
Bangladesh,BGD,2002,59288651
Bangladesh,BGD,2003,60362236
Bangladesh,BGD,2004,61388727
Bangladesh,BGD,2005,62355667
Bangladesh,BGD,2006,63255954
Bangladesh,BGD,2007,64097046
Bangladesh,BGD,2008,64901683
Bangladesh,BGD,2009,65702227
Bangladesh,BGD,2010,66523352
Bangladesh,BGD,2011,67372496
Bangladesh,BGD,2012,67637382
Bangladesh,BGD,2013,67876873
Bangladesh,BGD,2014,68080515
Bangladesh,BGD,2015,68238809
Bangladesh,BGD,2016,68351128
Bangladesh,BGD,2017,68418698
Bangladesh,BGD,2018,68438806
Bangladesh,BGD,2019,68408853
Bangladesh,BGD,2020,68326533
Belarus,BLR,2000,1913997
Belarus,BLR,2001,1884110
Belarus,BLR,2002,1853601
Belarus,BLR,2003,1823287
Belarus,BLR,2004,1680261
Belarus,BLR,2005,1543361
Belarus,BLR,2006,1412359
Belarus,BLR,2007,1286734
Belarus,BLR,2008,1166035
Belarus,BLR,2009,1049846
Belarus,BLR,2010,936886
Belarus,BLR,2011,827829
Belarus,BLR,2012,722716
Belarus,BLR,2013,621104
Belarus,BLR,2014,522618
Belarus,BLR,2015,520571
Belarus,BLR,2016,518472
Belarus,BLR,2017,516311
Belarus,BLR,2018,514059
Belarus,BLR,2019,511698
Belarus,BLR,2020,509210
Belgium,BEL,2000,59831
Belgium,BEL,2001,60047
Belgium,BEL,2002,60313
Belgium,BEL,2003,60628
Belgium,BEL,2004,60984
Belgium,BEL,2005,61372
Belgium,BEL,2006,61795
Belgium,BEL,2007,62250
Belgium,BEL,2008,62722
Belgium,BEL,2009,63194
Belgium,BEL,2010,58230
Belgium,BEL,2011,53170
Belgium,BEL,2012,48021
Belgium,BEL,2013,42789
Belgium,BEL,2014,37484
Belgium,BEL,2015,32111
Belgium,BEL,2016,26672
Belgium,BEL,2017,21164
Belgium,BEL,2018,15588
Belgium,BEL,2019,9946
Belgium,BEL,2020,9989
Bhutan,BTN,2000,421326
Bhutan,BTN,2001,427049
Bhutan,BTN,2002,432459
Bhutan,BTN,2003,437338
Bhutan,BTN,2004,441505
Bhutan,BTN,2005,444919
Bhutan,BTN,2006,448029
Bhutan,BTN,2007,450274
Bhutan,BTN,2008,451980
Bhutan,BTN,2009,453639
Bhutan,BTN,2010,455563
Bhutan,BTN,2011,457859
Bhutan,BTN,2012,460458
Bhutan,BTN,2013,463278
Bhutan,BTN,2014,466185
Bhutan,BTN,2015,469083
Bhutan,BTN,2016,472290
Bhutan,BTN,2017,475945
Bhutan,BTN,2018,480348
Bhutan,BTN,2019,484653
Bhutan,BTN,2020,488834
Bosnia and Herzegovina,BIH,2000,474524
Bosnia and Herzegovina,BIH,2001,470464
Bosnia and Herzegovina,BIH,2002,466367
Bosnia and Herzegovina,BIH,2003,462162
Bosnia and Herzegovina,BIH,2004,457888
Bosnia and Herzegovina,BIH,2005,453541
Bosnia and Herzegovina,BIH,2006,449101
Bosnia and Herzegovina,BIH,2007,444372
Bosnia and Herzegovina,BIH,2008,438995
Bosnia and Herzegovina,BIH,2009,432540
Bosnia and Herzegovina,BIH,2010,424769
Bosnia and Herzegovina,BIH,2011,415531
Bosnia and Herzegovina,BIH,2012,407279
Bosnia and Herzegovina,BIH,2013,396853
Bosnia and Herzegovina,BIH,2014,389397
Bosnia and Herzegovina,BIH,2015,383227
Bosnia and Herzegovina,BIH,2016,378132
Bosnia and Herzegovina,BIH,2017,373968
Bosnia and Herzegovina,BIH,2018,370595
Bosnia and Herzegovina,BIH,2019,367738
Bosnia and Herzegovina,BIH,2020,365182
Brazil,BRA,2000,41956555
Brazil,BRA,2001,41532455
Brazil,BRA,2002,41206790
Brazil,BRA,2003,41217821
Brazil,BRA,2004,41209727
Brazil,BRA,2005,41182843
Brazil,BRA,2006,41136600
Brazil,BRA,2007,41072476
Brazil,BRA,2008,40994226
Brazil,BRA,2009,40907638
Brazil,BRA,2010,40815137
Brazil,BRA,2011,40712919
Brazil,BRA,2012,40605745
Brazil,BRA,2013,39379431
Brazil,BRA,2014,38128000
Brazil,BRA,2015,36853370
Brazil,BRA,2016,35686001
Brazil,BRA,2017,34238918
Brazil,BRA,2018,32897696
Brazil,BRA,2019,31530623
Brazil,BRA,2020,30256415
Bulgaria,BGR,2000,823357
Bulgaria,BGR,2001,775703
Bulgaria,BGR,2002,728988
Bulgaria,BGR,2003,683144
Bulgaria,BGR,2004,638111
Bulgaria,BGR,2005,593835
Bulgaria,BGR,2006,550264
Bulgaria,BGR,2007,507361
Bulgaria,BGR,2008,465114
Bulgaria,BGR,2009,423509
Bulgaria,BGR,2010,382518
Bulgaria,BGR,2011,342113
Bulgaria,BGR,2012,302239
Bulgaria,BGR,2013,262833
Bulgaria,BGR,2014,223846
Bulgaria,BGR,2015,197819
Bulgaria,BGR,2016,191376
Bulgaria,BGR,2017,184912
Bulgaria,BGR,2018,178442
Bulgaria,BGR,2019,171986
Bulgaria,BGR,2020,165558
Cambodia,KHM,2000,10085405
Cambodia,KHM,2001,10234759
Cambodia,KHM,2002,10367042
Cambodia,KHM,2003,10485770
Cambodia,KHM,2004,10595717
Cambodia,KHM,2005,10700800
Cambodia,KHM,2006,10801825
Cambodia,KHM,2007,10899118
Cambodia,KHM,2008,10993805
Cambodia,KHM,2009,11080743
Cambodia,KHM,2010,11171710
Cambodia,KHM,2011,11267915
Cambodia,KHM,2012,11368531
Cambodia,KHM,2013,11471145
Cambodia,KHM,2014,11572052
Cambodia,KHM,2015,11668568
Cambodia,KHM,2016,11760067
Cambodia,KHM,2017,11846864
Cambodia,KHM,2018,11927846
Cambodia,KHM,2019,12002422
Cambodia,KHM,2020,12078078
Canada,CAN,2000,560764
Canada,CAN,2001,563311
Canada,CAN,2002,568085
Canada,CAN,2003,573050
Canada,CAN,2004,578329
Canada,CAN,2005,565836
Canada,CAN,2006,553302
Canada,CAN,2007,540074
Canada,CAN,2008,526765
Canada,CAN,2009,513189
Canada,CAN,2010,499216
Canada,CAN,2011,484933
Canada,CAN,2012,470861
Canada,CAN,2013,456296
Canada,CAN,2014,441272
Canada,CAN,2015,425813
Canada,CAN,2016,409924
Canada,CAN,2017,393582
Canada,CAN,2018,376816
Canada,CAN,2019,359664
Canada,CAN,2020,362722
Central African Republic,CAF,2000,3329862
Central African Republic,CAF,2001,3409515
Central African Republic,CAF,2002,3488008
Central African Republic,CAF,2003,3565731
Central African Republic,CAF,2004,3643319
Central African Republic,CAF,2005,3720810
Central African Republic,CAF,2006,3799494
Central African Republic,CAF,2007,3878476
Central African Republic,CAF,2008,3953323
Central African Republic,CAF,2009,4017956
Central African Republic,CAF,2010,4068619
Central African Republic,CAF,2011,4103263
Central African Republic,CAF,2012,4124773
Central African Republic,CAF,2013,4140424
Central African Republic,CAF,2014,4160395
Central African Republic,CAF,2015,4192239
Central African Republic,CAF,2016,4238557
Central African Republic,CAF,2017,4297836
Central African Republic,CAF,2018,4368417
Central African Republic,CAF,2019,4447006
Central African Republic,CAF,2020,4531124
Central and Southern Asia,,2000,815508374
Central and Southern Asia,,2001,818646134
Central and Southern Asia,,2002,820922001
Central and Southern Asia,,2003,822708686
Central and Southern Asia,,2004,823891388
Central and Southern Asia,,2005,824978761
Central and Southern Asia,,2006,825300724
Central and Southern Asia,,2007,824934908
Central and Southern Asia,,2008,823975587
Central and Southern Asia,,2009,822343567
Central and Southern Asia,,2010,820176389
Central and Southern Asia,,2011,817579539
Central and Southern Asia,,2012,812898061
Central and Southern Asia,,2013,807856121
Central and Southern Asia,,2014,802295933
Central and Southern Asia,,2015,796255081
Central and Southern Asia,,2016,789750311
Central and Southern Asia,,2017,782881656
Central and Southern Asia,,2018,775928422
Central and Southern Asia,,2019,767347028
Central and Southern Asia,,2020,758434407
Chad,TCD,2000,7884176
Chad,TCD,2001,8188388
Chad,TCD,2002,8510448
Chad,TCD,2003,8845374
Chad,TCD,2004,9186255
Chad,TCD,2005,9528253
Chad,TCD,2006,9869121
Chad,TCD,2007,10210549
Chad,TCD,2008,10556574
Chad,TCD,2009,10913188
Chad,TCD,2010,11284312
Chad,TCD,2011,11671267
Chad,TCD,2012,12072167
Chad,TCD,2013,12484180
Chad,TCD,2014,12903045
Chad,TCD,2015,13325718
Chad,TCD,2016,13751212
Chad,TCD,2017,14180555
Chad,TCD,2018,14615047
Chad,TCD,2019,15056853
Chad,TCD,2020,15507411
Channel Islands,OWID_CIS,2009,12695
Channel Islands,OWID_CIS,2010,12817
Channel Islands,OWID_CIS,2011,12919
Channel Islands,OWID_CIS,2012,13005
Channel Islands,OWID_CIS,2013,13084
Channel Islands,OWID_CIS,2014,13170
Channel Islands,OWID_CIS,2015,13272
Channel Islands,OWID_CIS,2016,13395
Channel Islands,OWID_CIS,2017,13535
Chile,CHL,2000,1213116
Chile,CHL,2001,1149137
Chile,CHL,2002,1086830
Chile,CHL,2003,1034003
Chile,CHL,2004,979383
Chile,CHL,2005,923264
Chile,CHL,2006,865538
Chile,CHL,2007,806246
Chile,CHL,2008,745174
Chile,CHL,2009,682278
Chile,CHL,2010,617498
Chile,CHL,2011,550656
Chile,CHL,2012,481920
Chile,CHL,2013,411507
Chile,CHL,2014,339594
Chile,CHL,2015,290659
Chile,CHL,2016,259000
Chile,CHL,2017,227142
Chile,CHL,2018,230113
Chile,CHL,2019,232852
Chile,CHL,2020,234868
Colombia,COL,2000,12360354
Colombia,COL,2001,12413957
Colombia,COL,2002,12462717
Colombia,COL,2003,12505466
Colombia,COL,2004,12540923
Colombia,COL,2005,12568173
Colombia,COL,2006,12587973
Colombia,COL,2007,12655897
Colombia,COL,2008,12718649
Colombia,COL,2009,12775485
Colombia,COL,2010,12826778
Colombia,COL,2011,12869843
Colombia,COL,2012,12906242
Colombia,COL,2013,12945796
Colombia,COL,2014,13001142
Colombia,COL,2015,13079668
Colombia,COL,2016,13186709
Colombia,COL,2017,13328592
Colombia,COL,2018,13463532
Colombia,COL,2019,13615883
Colombia,COL,2020,13733618
Congo,COG,2000,2269810
Congo,COG,2001,2330326
Congo,COG,2002,2390694
Congo,COG,2003,2453646
Congo,COG,2004,2472198
Congo,COG,2005,2492641
Congo,COG,2006,2515363
Congo,COG,2007,2538833
Congo,COG,2008,2559813
Congo,COG,2009,2574372
Congo,COG,2010,2579994
Congo,COG,2011,2575953
Congo,COG,2012,2596584
Congo,COG,2013,2634359
Congo,COG,2014,2671718
Congo,COG,2015,2710472
Congo,COG,2016,2751023
Congo,COG,2017,2792752
Congo,COG,2018,2856309
Congo,COG,2019,2920728
Congo,COG,2020,2985459
Costa Rica,CRI,2000,939539
Costa Rica,CRI,2001,941665
Costa Rica,CRI,2002,942804
Costa Rica,CRI,2003,943290
Costa Rica,CRI,2004,943565
Costa Rica,CRI,2005,943957
Costa Rica,CRI,2006,944548
Costa Rica,CRI,2007,945300
Costa Rica,CRI,2008,946226
Costa Rica,CRI,2009,947318
Costa Rica,CRI,2010,948553
Costa Rica,CRI,2011,949963
Costa Rica,CRI,2012,951601
Costa Rica,CRI,2013,953451
Costa Rica,CRI,2014,955491
Costa Rica,CRI,2015,957695
Costa Rica,CRI,2016,960039
Costa Rica,CRI,2017,963717
Costa Rica,CRI,2018,973612
Costa Rica,CRI,2019,983230
Costa Rica,CRI,2020,992535
Cote d'Ivoire,CIV,2000,10825495
Cote d'Ivoire,CIV,2001,11080189
Cote d'Ivoire,CIV,2002,11321350
Cote d'Ivoire,CIV,2003,11555249
Cote d'Ivoire,CIV,2004,11790512
Cote d'Ivoire,CIV,2005,12034123
Cote d'Ivoire,CIV,2006,12288041
Cote d'Ivoire,CIV,2007,12551946
Cote d'Ivoire,CIV,2008,12827152
Cote d'Ivoire,CIV,2009,13114623
Cote d'Ivoire,CIV,2010,13414799
Cote d'Ivoire,CIV,2011,13728753
Cote d'Ivoire,CIV,2012,14057130
Cote d'Ivoire,CIV,2013,14399216
Cote d'Ivoire,CIV,2014,14753721
Cote d'Ivoire,CIV,2015,15118780
Cote d'Ivoire,CIV,2016,15494359
Cote d'Ivoire,CIV,2017,15880324
Cote d'Ivoire,CIV,2018,16275829
Cote d'Ivoire,CIV,2019,16679958
Cote d'Ivoire,CIV,2020,17091861
Croatia,HRV,2000,804303
Croatia,HRV,2001,798308
Croatia,HRV,2002,794236
Croatia,HRV,2003,791133
Croatia,HRV,2004,788381
Croatia,HRV,2005,785494
Croatia,HRV,2006,782348
Croatia,HRV,2007,779017
Cyprus,CYP,2000,41103
Cyprus,CYP,2001,41844
Cyprus,CYP,2002,42571
Cyprus,CYP,2003,43368
Cyprus,CYP,2004,41129
Cyprus,CYP,2005,38806
Cyprus,CYP,2006,36402
Cyprus,CYP,2007,33905
Cyprus,CYP,2008,31292
Cyprus,CYP,2009,28539
Cyprus,CYP,2010,25643
Cyprus,CYP,2011,22616
Cyprus,CYP,2012,19483
Cyprus,CYP,2013,16270
Cyprus,CYP,2014,13002
Cyprus,CYP,2015,9687
Cyprus,CYP,2016,6325
Cyprus,CYP,2017,2910
Cyprus,CYP,2018,2793
Cyprus,CYP,2019,2814
Cyprus,CYP,2020,2835
Czechia,CZE,2000,378458
Czechia,CZE,2001,378187
Czechia,CZE,2002,365408
Czechia,CZE,2003,352833
Czechia,CZE,2004,340699
Czechia,CZE,2005,329116
Czechia,CZE,2006,318122
Czechia,CZE,2007,307544
Czechia,CZE,2008,297034
Czechia,CZE,2009,286192
Czechia,CZE,2010,274779
Czechia,CZE,2011,262753
Czechia,CZE,2012,250187
Czechia,CZE,2013,237326
Czechia,CZE,2014,224484
Czechia,CZE,2015,224673
Czechia,CZE,2016,225014
Czechia,CZE,2017,225450
Czechia,CZE,2018,225935
Czechia,CZE,2019,226392
Czechia,CZE,2020,226766
Democratic Republic of Congo,COD,2000,42394821
Democratic Republic of Congo,COD,2001,43415085
Democratic Republic of Congo,COD,2002,44529475
Democratic Republic of Congo,COD,2003,45727685
Democratic Republic of Congo,COD,2004,46989097
Democratic Republic of Congo,COD,2005,48297776
Democratic Republic of Congo,COD,2006,49653125
Democratic Republic of Congo,COD,2007,51060852
Democratic Republic of Congo,COD,2008,52518159
Democratic Republic of Congo,COD,2009,54021153
Democratic Republic of Congo,COD,2010,55566701
Democratic Republic of Congo,COD,2011,57150885
Democratic Republic of Congo,COD,2012,58770754
Democratic Republic of Congo,COD,2013,60422799
Democratic Republic of Congo,COD,2014,62103194
Democratic Republic of Congo,COD,2015,63808350
Democratic Republic of Congo,COD,2016,65535420
Democratic Republic of Congo,COD,2017,67280526
Democratic Republic of Congo,COD,2018,69036846
Democratic Republic of Congo,COD,2019,70797226
Democratic Republic of Congo,COD,2020,72555729
Denmark,DNK,2000,325889
Denmark,DNK,2001,326918
Denmark,DNK,2002,327817
Denmark,DNK,2003,328682
Denmark,DNK,2004,307209
Denmark,DNK,2005,285772
Denmark,DNK,2006,264355
Denmark,DNK,2007,242884
Denmark,DNK,2008,221289
Denmark,DNK,2009,199494
Denmark,DNK,2010,180796
Denmark,DNK,2011,181811
Denmark,DNK,2012,182835
Denmark,DNK,2013,183816
Denmark,DNK,2014,184738
Denmark,DNK,2015,185610
Denmark,DNK,2016,186422
Denmark,DNK,2017,187178
Denmark,DNK,2018,187900
Denmark,DNK,2019,188621
Denmark,DNK,2020,189363
Ecuador,ECU,2000,5300323
Ecuador,ECU,2001,5326261
Ecuador,ECU,2002,5353786
Ecuador,ECU,2003,5382069
Ecuador,ECU,2004,5408448
Ecuador,ECU,2005,5433830
Ecuador,ECU,2006,5458708
Ecuador,ECU,2007,5482780
Ecuador,ECU,2008,5505453
Ecuador,ECU,2009,5525759
Ecuador,ECU,2010,5543135
Ecuador,ECU,2011,5558147
Ecuador,ECU,2012,5571016
Ecuador,ECU,2013,5582939
Ecuador,ECU,2014,5596659
Ecuador,ECU,2015,5613628
Ecuador,ECU,2016,5634757
Ecuador,ECU,2017,5676610
Ecuador,ECU,2018,5741251
Ecuador,ECU,2019,5801089
Ecuador,ECU,2020,5852792
Estonia,EST,2000,89773
Estonia,EST,2001,86792
Estonia,EST,2002,83738
Estonia,EST,2003,80667
Estonia,EST,2004,77659
Estonia,EST,2005,74762
Estonia,EST,2006,71980
Estonia,EST,2007,64413
Estonia,EST,2008,62027
Estonia,EST,2009,59668
Estonia,EST,2010,57318
Estonia,EST,2011,54965
Estonia,EST,2012,52609
Estonia,EST,2013,50838
Estonia,EST,2014,51154
Estonia,EST,2015,51541
Estonia,EST,2016,54752
Estonia,EST,2017,55078
Estonia,EST,2018,55432
Estonia,EST,2019,55754
Estonia,EST,2020,56231
Ethiopia,ETH,2000,62929725
Ethiopia,ETH,2001,64504416
Ethiopia,ETH,2002,66259409
Ethiopia,ETH,2003,68037914
Ethiopia,ETH,2004,69833361
Ethiopia,ETH,2005,71642051
Ethiopia,ETH,2006,73460734
Ethiopia,ETH,2007,75289532
Ethiopia,ETH,2008,77093411
Ethiopia,ETH,2009,78935944
Ethiopia,ETH,2010,80825861
Ethiopia,ETH,2011,82766720
Ethiopia,ETH,2012,84749324
Ethiopia,ETH,2013,86763784
Ethiopia,ETH,2014,88782224
Ethiopia,ETH,2015,90787887
Ethiopia,ETH,2016,92773529
Ethiopia,ETH,2017,94739816
Ethiopia,ETH,2018,96683732
Ethiopia,ETH,2019,98605354
Ethiopia,ETH,2020,100504134
Finland,FIN,2000,337678
Finland,FIN,2001,315705
Finland,FIN,2002,293644
Finland,FIN,2003,271513
Finland,FIN,2004,249325
Finland,FIN,2005,227077
Finland,FIN,2006,204753
Finland,FIN,2007,182325
Finland,FIN,2008,159763
Finland,FIN,2009,137038
Finland,FIN,2010,114129
Finland,FIN,2011,91027
Finland,FIN,2012,67717
Finland,FIN,2013,44187
Finland,FIN,2014,20438
Finland,FIN,2015,20246
Finland,FIN,2016,20239
Finland,FIN,2017,20220
Finland,FIN,2018,20182
Finland,FIN,2019,20129
Finland,FIN,2020,20061
Fragile or Extremely Fragile,,2000,707465339
Fragile or Extremely Fragile,,2001,722227011
Fragile or Extremely Fragile,,2002,737172695
Fragile or Extremely Fragile,,2003,752274207
Fragile or Extremely Fragile,,2004,767567257
Fragile or Extremely Fragile,,2005,783108854
Fragile or Extremely Fragile,,2006,798647250
Fragile or Extremely Fragile,,2007,814452229
Fragile or Extremely Fragile,,2008,830157082
Fragile or Extremely Fragile,,2009,846115628
Fragile or Extremely Fragile,,2010,862379662
Fragile or Extremely Fragile,,2011,885720759
Fragile or Extremely Fragile,,2012,901989075
Fragile or Extremely Fragile,,2013,917373057
Fragile or Extremely Fragile,,2014,932702787
Fragile or Extremely Fragile,,2015,947865605
Fragile or Extremely Fragile,,2016,963052702
Fragile or Extremely Fragile,,2017,978415101
Fragile or Extremely Fragile,,2018,993840796
Fragile or Extremely Fragile,,2019,1008667974
Fragile or Extremely Fragile,,2020,1024445793
France,FRA,2000,2099770
France,FRA,2001,2108019
France,FRA,2002,2118086
France,FRA,2003,2129199
France,FRA,2004,2030777
France,FRA,2005,1929992
France,FRA,2006,1826704
France,FRA,2007,1721243
France,FRA,2008,1613974
France,FRA,2009,1505349
France,FRA,2010,1395617
France,FRA,2011,1284829
France,FRA,2012,1172821
France,FRA,2013,1059411
France,FRA,2014,945721
France,FRA,2015,833198
France,FRA,2016,719235
France,FRA,2017,604130
France,FRA,2018,488191
France,FRA,2019,489234
France,FRA,2020,490317
French Guiana,GUF,2001,17875
French Guiana,GUF,2002,18725
French Guiana,GUF,2003,19614
French Guiana,GUF,2004,20483
French Guiana,GUF,2005,21287
French Guiana,GUF,2006,21855
French Guiana,GUF,2007,22348
French Guiana,GUF,2008,22783
French Guiana,GUF,2009,23181
French Guiana,GUF,2010,23562
French Guiana,GUF,2011,23928
French Guiana,GUF,2012,24275
French Guiana,GUF,2013,24624
French Guiana,GUF,2014,25000
French Guiana,GUF,2015,25415
French Guiana,GUF,2016,25877
French Guiana,GUF,2017,26382
French Guiana,GUF,2018,26911
French Guiana,GUF,2019,27443
French Guiana,GUF,2020,28184
French Polynesia,PYF,2000,19816
French Polynesia,PYF,2001,20166
French Polynesia,PYF,2002,20499
French Polynesia,PYF,2003,20806
French Polynesia,PYF,2004,21077
French Polynesia,PYF,2005,21306
French Polynesia,PYF,2006,21489
French Polynesia,PYF,2007,21630
French Polynesia,PYF,2008,21741
French Polynesia,PYF,2009,21839
French Polynesia,PYF,2010,21937
French Polynesia,PYF,2011,24158
French Polynesia,PYF,2012,26401
French Polynesia,PYF,2013,28670
French Polynesia,PYF,2014,30966
French Polynesia,PYF,2015,33286
French Polynesia,PYF,2016,35635
French Polynesia,PYF,2017,38017
French Polynesia,PYF,2018,40428
French Polynesia,PYF,2019,42871
French Polynesia,PYF,2020,45341
Gambia,GMB,2000,1008050
Gambia,GMB,2001,1026848
Gambia,GMB,2002,1045882
Gambia,GMB,2003,1065035
Gambia,GMB,2004,1084567
Gambia,GMB,2005,1103388
Gambia,GMB,2006,1121355
Gambia,GMB,2007,1138589
Gambia,GMB,2008,1155267
Gambia,GMB,2009,1171710
Gambia,GMB,2010,1188078
Gambia,GMB,2011,1204359
Gambia,GMB,2012,1220392
Gambia,GMB,2013,1236059
Gambia,GMB,2014,1251188
Gambia,GMB,2015,1265628
Gambia,GMB,2016,1279311
Gambia,GMB,2017,1292186
Gambia,GMB,2018,1304163
Gambia,GMB,2019,1315172
Gambia,GMB,2020,1336046
Georgia,GEO,2000,1646527
Georgia,GEO,2001,1624172
Georgia,GEO,2002,1606447
Georgia,GEO,2003,1589249
Georgia,GEO,2004,1574614
Georgia,GEO,2005,1559143
Georgia,GEO,2006,1542006
Georgia,GEO,2007,1524098
Georgia,GEO,2008,1505844
Georgia,GEO,2009,1488121
Georgia,GEO,2010,1471517
Georgia,GEO,2011,1455870
Georgia,GEO,2012,1440739
Georgia,GEO,2013,1426277
Georgia,GEO,2014,1412608
Georgia,GEO,2015,1399823
Georgia,GEO,2016,1387799
Georgia,GEO,2017,1376430
Georgia,GEO,2018,1365318
Georgia,GEO,2019,1354011
Georgia,GEO,2020,1342162
Germany,DEU,2000,143446
Germany,DEU,2001,143541
Germany,DEU,2002,143685
Germany,DEU,2003,143824
Germany,DEU,2004,134667
Germany,DEU,2005,125387
Germany,DEU,2006,115996
Germany,DEU,2007,106545
Germany,DEU,2008,97122
Germany,DEU,2009,87795
Germany,DEU,2010,78596
Germany,DEU,2011,69501
Germany,DEU,2012,60465
Germany,DEU,2013,51455
Germany,DEU,2014,42441
Germany,DEU,2015,33387
Germany,DEU,2016,24283
Germany,DEU,2017,15093
Germany,DEU,2018,5799
Germany,DEU,2019,5825
Germany,DEU,2020,5842
Ghana,GHA,2000,16718762
Ghana,GHA,2001,17078541
Ghana,GHA,2002,17307316
Ghana,GHA,2003,17477342
Ghana,GHA,2004,17643291
Ghana,GHA,2005,17806119
Ghana,GHA,2006,17965806
Ghana,GHA,2007,18119804
Ghana,GHA,2008,18262549
Ghana,GHA,2009,18387284
Ghana,GHA,2010,18488650
Ghana,GHA,2011,18564824
Ghana,GHA,2012,18616348
Ghana,GHA,2013,18644238
Ghana,GHA,2014,18650170
Ghana,GHA,2015,18634969
Ghana,GHA,2016,18597944
Ghana,GHA,2017,18537634
Ghana,GHA,2018,18452913
Ghana,GHA,2019,18342607
Ghana,GHA,2020,18205499
Gibraltar,GIB,2000,0
Gibraltar,GIB,2001,0
Gibraltar,GIB,2002,0
Gibraltar,GIB,2003,0
Gibraltar,GIB,2004,0
Gibraltar,GIB,2005,0
Gibraltar,GIB,2006,0
Gibraltar,GIB,2007,0
Gibraltar,GIB,2008,0
Gibraltar,GIB,2009,0
Gibraltar,GIB,2010,0
Gibraltar,GIB,2011,0
Gibraltar,GIB,2012,0
Gibraltar,GIB,2013,0
Gibraltar,GIB,2014,0
Gibraltar,GIB,2015,0
Gibraltar,GIB,2016,0
Gibraltar,GIB,2017,0
Gibraltar,GIB,2018,0
Gibraltar,GIB,2019,0
Gibraltar,GIB,2020,0
Greece,GRC,2000,136221
Greece,GRC,2001,133849
Greece,GRC,2002,131243
Greece,GRC,2003,128548
Greece,GRC,2004,118512
Greece,GRC,2005,108257
Greece,GRC,2006,97826
Greece,GRC,2007,87330
Greece,GRC,2008,76903
Greece,GRC,2009,66673
Greece,GRC,2010,56690
Greece,GRC,2011,46947
Greece,GRC,2012,37399
Greece,GRC,2013,28006
Greece,GRC,2014,19860
Greece,GRC,2015,12973
Greece,GRC,2016,6138
Greece,GRC,2017,0
Greece,GRC,2018,0
Greece,GRC,2019,0
Greece,GRC,2020,0
Greenland,GRL,2000,3606
Greenland,GRL,2001,3616
Greenland,GRL,2002,3628
Greenland,GRL,2003,3640
Greenland,GRL,2004,3385
Greenland,GRL,2005,3124
Greenland,GRL,2006,2860
Greenland,GRL,2007,2592
Greenland,GRL,2008,2323
Greenland,GRL,2009,2054
Greenland,GRL,2010,1828
Greenland,GRL,2011,1828
Greenland,GRL,2012,1828
Greenland,GRL,2013,1828
Greenland,GRL,2014,1829
Greenland,GRL,2015,1830
Greenland,GRL,2016,1833
Greenland,GRL,2017,1837
Greenland,GRL,2018,1841
Greenland,GRL,2019,1846
Greenland,GRL,2020,1851
Grenada,GRD,2000,21885
Grenada,GRD,2001,21051
Grenada,GRD,2002,20204
Grenada,GRD,2003,19341
Grenada,GRD,2004,18464
Grenada,GRD,2005,17572
Grenada,GRD,2006,16666
Grenada,GRD,2007,15746
Grenada,GRD,2008,14821
Grenada,GRD,2009,13895
Grenada,GRD,2010,13685
Grenada,GRD,2011,13531
Grenada,GRD,2012,13509
Grenada,GRD,2013,13938
Grenada,GRD,2014,14031
Grenada,GRD,2015,14122
Grenada,GRD,2016,14207
Grenada,GRD,2017,14286
Guadeloupe,GLP,2001,12904
Guadeloupe,GLP,2002,12777
Guadeloupe,GLP,2003,12616
Guadeloupe,GLP,2004,12468
Guadeloupe,GLP,2005,12371
Guadeloupe,GLP,2006,12149
Guadeloupe,GLP,2007,11978
Guadeloupe,GLP,2008,11835
Guadeloupe,GLP,2009,11688
Guadeloupe,GLP,2010,11515
Guadeloupe,GLP,2011,11312
Guadeloupe,GLP,2012,11089
Guadeloupe,GLP,2013,10856
Guadeloupe,GLP,2014,10626
Guadeloupe,GLP,2015,10410
Guadeloupe,GLP,2016,10210
Guadeloupe,GLP,2017,10020
Guadeloupe,GLP,2018,9836
Guadeloupe,GLP,2019,9654
Guadeloupe,GLP,2020,9655
Guam,GUM,2000,1329
Guam,GUM,2001,1300
Guam,GUM,2002,1268
Guam,GUM,2003,1234
Guam,GUM,2004,1198
Guam,GUM,2005,1161
Guam,GUM,2006,1124
Guam,GUM,2007,1086
Guam,GUM,2008,1049
Guam,GUM,2009,1011
Guam,GUM,2010,973
Guam,GUM,2011,936
Guam,GUM,2012,898
Guam,GUM,2013,900
Guam,GUM,2014,904
Guam,GUM,2015,908
Guam,GUM,2016,915
Guam,GUM,2017,922
Guam,GUM,2018,930
Guam,GUM,2019,939
Guam,GUM,2020,947
Guatemala,GTM,2000,6201097
Guatemala,GTM,2001,6289076
Guatemala,GTM,2002,6379146
Guatemala,GTM,2003,6470637
Guatemala,GTM,2004,6561791
Guatemala,GTM,2005,6651134
Guatemala,GTM,2006,6738200
Guatemala,GTM,2007,6823120
Guatemala,GTM,2008,6906074
Guatemala,GTM,2009,6987537
Guatemala,GTM,2010,7067614
Guatemala,GTM,2011,7146233
Guatemala,GTM,2012,7222969
Guatemala,GTM,2013,7297143
Guatemala,GTM,2014,7368322
Guatemala,GTM,2015,7436060
Guatemala,GTM,2016,7500222
Guatemala,GTM,2017,7605612
Guatemala,GTM,2018,7709511
Guatemala,GTM,2019,7811884
Guatemala,GTM,2020,7912575
Guinea-Bissau,GNB,2000,989970
Guinea-Bissau,GNB,2001,1007170
Guinea-Bissau,GNB,2002,1025443
Guinea-Bissau,GNB,2003,1044740
Guinea-Bissau,GNB,2004,1064926
Guinea-Bissau,GNB,2005,1085910
Guinea-Bissau,GNB,2006,1107642
Guinea-Bissau,GNB,2007,1130198
Guinea-Bissau,GNB,2008,1153655
Guinea-Bissau,GNB,2009,1178141
Guinea-Bissau,GNB,2010,1203704
Guinea-Bissau,GNB,2011,1230348
Guinea-Bissau,GNB,2012,1257958
Guinea-Bissau,GNB,2013,1286293
Guinea-Bissau,GNB,2014,1315027
Guinea-Bissau,GNB,2015,1343925
Guinea-Bissau,GNB,2016,1372875
Guinea-Bissau,GNB,2017,1401900
Guinea-Bissau,GNB,2018,1430963
Guinea-Bissau,GNB,2019,1460076
Guinea-Bissau,GNB,2020,1489247
High income,,2000,52179301
High income,,2001,52052325
High income,,2002,45939485
High income,,2003,45597591
High income,,2004,45227143
High income,,2005,46595771
High income,,2006,46355363
High income,,2007,46037562
High income,,2008,45686320
High income,,2009,45140448
High income,,2010,43448469
High income,,2011,41745615
High income,,2012,40031108
High income,,2013,38583567
High income,,2014,37120682
High income,,2015,35661456
High income,,2016,34214125
High income,,2017,32874786
High income,,2018,31664762
High income,,2019,30531352
High income,,2020,29535915
Hong Kong,HKG,2000,123916
Hong Kong,HKG,2001,116778
Hong Kong,HKG,2002,109141
Hong Kong,HKG,2003,101196
Hong Kong,HKG,2004,93148
Hong Kong,HKG,2005,85111
Hong Kong,HKG,2006,77092
Hong Kong,HKG,2007,69042
Hong Kong,HKG,2008,60929
Hong Kong,HKG,2009,52714
Hong Kong,HKG,2010,44381
Hong Kong,HKG,2011,35933
Hong Kong,HKG,2012,27379
Hong Kong,HKG,2013,18725
Hong Kong,HKG,2014,9968
Hong Kong,HKG,2015,1148
Hong Kong,HKG,2016,0
Hong Kong,HKG,2017,0
Hong Kong,HKG,2018,0
Hong Kong,HKG,2019,0
Hong Kong,HKG,2020,0
Hungary,HUN,2000,798320
Hungary,HUN,2001,795716
Hungary,HUN,2002,791502
Hungary,HUN,2003,787381
Hungary,HUN,2004,783206
Hungary,HUN,2005,778594
Hungary,HUN,2006,773551
Hungary,HUN,2007,768450
Hungary,HUN,2008,763327
Hungary,HUN,2009,758235
Hungary,HUN,2010,753521
Hungary,HUN,2011,748869
Hungary,HUN,2012,744896
Hungary,HUN,2013,741224
Hungary,HUN,2014,737679
Hungary,HUN,2015,734287
Hungary,HUN,2016,731032
Hungary,HUN,2017,725395
Hungary,HUN,2018,722332
Hungary,HUN,2019,719218
Hungary,HUN,2020,715976
Iceland,ISL,2000,29335
Iceland,ISL,2001,27820
Iceland,ISL,2002,26269
Iceland,ISL,2003,24705
Iceland,ISL,2004,23150
Iceland,ISL,2005,21609
Iceland,ISL,2006,20078
Iceland,ISL,2007,18530
Iceland,ISL,2008,16926
Iceland,ISL,2009,15228
Iceland,ISL,2010,13426
Iceland,ISL,2011,11529
Iceland,ISL,2012,9565
Iceland,ISL,2013,7559
Iceland,ISL,2014,5532
Iceland,ISL,2015,3489
Iceland,ISL,2016,1427
Iceland,ISL,2017,0
Iceland,ISL,2018,0
Iceland,ISL,2019,0
Iceland,ISL,2020,0
Iran,IRN,2000,6352869
Iran,IRN,2001,6278296
Iran,IRN,2002,6204075
Iran,IRN,2003,6129537
Iran,IRN,2004,6053769
Iran,IRN,2005,5976377
Iran,IRN,2006,5897424
Iran,IRN,2007,5822061
Iran,IRN,2008,5749094
Iran,IRN,2009,5677752
Iran,IRN,2010,5608917
Iran,IRN,2011,5542646
Iran,IRN,2012,5479669
Iran,IRN,2013,5419838
Iran,IRN,2014,5362492
Iran,IRN,2015,5307727
Iran,IRN,2016,5255501
Iran,IRN,2017,5205362
Iran,IRN,2018,5156001
Iran,IRN,2019,5105685
Iran,IRN,2020,5053131
Iraq,IRQ,2000,11692181
Iraq,IRQ,2001,11930359
Iraq,IRQ,2002,12168399
Iraq,IRQ,2003,12394374
Iraq,IRQ,2004,12593108
Iraq,IRQ,2005,12756874
Iraq,IRQ,2006,12876444
Iraq,IRQ,2007,12962078
Iraq,IRQ,2008,13048818
Iraq,IRQ,2009,13182791
Iraq,IRQ,2010,13388011
Iraq,IRQ,2011,13678767
Iraq,IRQ,2012,14040564
Iraq,IRQ,2013,14436406
Iraq,IRQ,2014,14815519
Iraq,IRQ,2015,15143098
Iraq,IRQ,2016,15408342
Iraq,IRQ,2017,15623765
Iraq,IRQ,2018,15805215
Iraq,IRQ,2019,15976823
Iraq,IRQ,2020,16223964
Ireland,IRL,2000,246427
Ireland,IRL,2001,241841
Ireland,IRL,2002,237401
Ireland,IRL,2003,233054
Ireland,IRL,2004,228735
Ireland,IRL,2005,224353
Ireland,IRL,2006,219940
Ireland,IRL,2007,215354
Ireland,IRL,2008,210228
Ireland,IRL,2009,204138
Ireland,IRL,2010,196890
Ireland,IRL,2011,188442
Ireland,IRL,2012,179073
Ireland,IRL,2013,169273
Ireland,IRL,2014,159591
Ireland,IRL,2015,150321
Ireland,IRL,2016,141482
Ireland,IRL,2017,132859
Ireland,IRL,2018,128472
Ireland,IRL,2019,130288
Ireland,IRL,2020,131887
Isle of Man,IMN,2009,2356
Isle of Man,IMN,2010,2370
Isle of Man,IMN,2011,2370
Isle of Man,IMN,2012,2361
Isle of Man,IMN,2013,2345
Isle of Man,IMN,2014,2331
Isle of Man,IMN,2015,2324
Isle of Man,IMN,2016,2326
Isle of Man,IMN,2017,2335
Isle of Man,IMN,2018,2348
Isle of Man,IMN,2019,2362
Isle of Man,IMN,2020,2374
Israel,ISR,2000,8370
Israel,ISR,2001,8533
Israel,ISR,2002,8687
Israel,ISR,2003,8843
Israel,ISR,2004,9010
Israel,ISR,2005,9199
Israel,ISR,2006,9414
Israel,ISR,2007,9650
Israel,ISR,2008,12813
Israel,ISR,2009,16109
Israel,ISR,2010,19510
Israel,ISR,2011,22990
Israel,ISR,2012,26540
Israel,ISR,2013,30162
Israel,ISR,2014,33879
Israel,ISR,2015,37715
Israel,ISR,2016,41683
Israel,ISR,2017,45779
Israel,ISR,2018,50001
Israel,ISR,2019,54334
Israel,ISR,2020,58765
Italy,ITA,2000,2965920
Italy,ITA,2001,2851089
Italy,ITA,2002,2741365
Italy,ITA,2003,2633656
Italy,ITA,2004,2524293
Italy,ITA,2005,2411077
Italy,ITA,2006,2293548
Italy,ITA,2007,2298610
Italy,ITA,2008,2322972
Italy,ITA,2009,2347821
Italy,ITA,2010,2374242
Italy,ITA,2011,2402594
Italy,ITA,2012,2432198
Italy,ITA,2013,2461869
Italy,ITA,2014,2489892
Italy,ITA,2015,2529947
Italy,ITA,2016,2533479
Italy,ITA,2017,2533923
Italy,ITA,2018,2531985
Italy,ITA,2019,2528761
Italy,ITA,2020,2525075
Japan,JPN,2000,2737376
Japan,JPN,2001,2741447
Japan,JPN,2002,2745295
Japan,JPN,2003,2748843
Japan,JPN,2004,2751972
Japan,JPN,2005,2693739
Japan,JPN,2006,2634862
Japan,JPN,2007,2575377
Japan,JPN,2008,2515293
Japan,JPN,2009,2454623
Japan,JPN,2010,2393380
Japan,JPN,2011,2331587
Japan,JPN,2012,2269260
Japan,JPN,2013,2206412
Japan,JPN,2014,2143054
Japan,JPN,2015,2079209
Japan,JPN,2016,2014925
Japan,JPN,2017,1950251
Japan,JPN,2018,1885223
Japan,JPN,2019,1819879
Japan,JPN,2020,1814372
Jordan,JOR,2000,2368857
Jordan,JOR,2001,2413206
Jordan,JOR,2002,2460050
Jordan,JOR,2003,2514470
Jordan,JOR,2004,2582652
Jordan,JOR,2005,2672167
Jordan,JOR,2006,2651579
Jordan,JOR,2007,2636990
Jordan,JOR,2008,2625837
Jordan,JOR,2009,2615004
Jordan,JOR,2010,2600749
Jordan,JOR,2011,2581545
Jordan,JOR,2012,2552973
Jordan,JOR,2013,2506319
Jordan,JOR,2014,2432960
Jordan,JOR,2015,2327425
Jordan,JOR,2016,2193043
Jordan,JOR,2017,2034508
Jordan,JOR,2018,1856231
Jordan,JOR,2019,1663071
Jordan,JOR,2020,1458997
Kazakhstan,KAZ,2000,5506174
Kazakhstan,KAZ,2001,5461633
Kazakhstan,KAZ,2002,5252188
Kazakhstan,KAZ,2003,5058072
Kazakhstan,KAZ,2004,4866375
Kazakhstan,KAZ,2005,4668748
Kazakhstan,KAZ,2006,4462954
Kazakhstan,KAZ,2007,4250980
Kazakhstan,KAZ,2008,4034381
Kazakhstan,KAZ,2009,3815445
Kazakhstan,KAZ,2010,3594788
Kazakhstan,KAZ,2011,3370978
Kazakhstan,KAZ,2012,3141275
Kazakhstan,KAZ,2013,2910190
Kazakhstan,KAZ,2014,2683859
Kazakhstan,KAZ,2015,2445768
Kazakhstan,KAZ,2016,2195802
Kazakhstan,KAZ,2017,1934487
Kazakhstan,KAZ,2018,1958400
Kazakhstan,KAZ,2019,1981058
Kazakhstan,KAZ,2020,2002602
Kiribati,KIR,2000,75972
Kiribati,KIR,2001,77094
Kiribati,KIR,2002,78280
Kiribati,KIR,2003,79524
Kiribati,KIR,2004,80875
Kiribati,KIR,2005,82367
Kiribati,KIR,2006,83979
Kiribati,KIR,2007,85689
Kiribati,KIR,2008,87419
Kiribati,KIR,2009,89081
Kiribati,KIR,2010,90583
Kiribati,KIR,2011,91899
Kiribati,KIR,2012,93043
Kiribati,KIR,2013,94093
Kiribati,KIR,2014,95107
Kiribati,KIR,2015,96145
Kiribati,KIR,2016,97227
Kiribati,KIR,2017,98319
Kiribati,KIR,2018,99459
Kiribati,KIR,2019,100654
Kiribati,KIR,2020,101902
Kuwait,KWT,2000,0
Kuwait,KWT,2001,0
Kuwait,KWT,2002,0
Kuwait,KWT,2003,0
Kuwait,KWT,2004,0
Kuwait,KWT,2005,0
Kuwait,KWT,2006,0
Kuwait,KWT,2007,0
Kuwait,KWT,2008,0
Kuwait,KWT,2009,0
Kuwait,KWT,2010,0
Kuwait,KWT,2011,0
Kuwait,KWT,2012,0
Kuwait,KWT,2013,0
Kuwait,KWT,2014,0
Kuwait,KWT,2015,0
Kuwait,KWT,2016,0
Kuwait,KWT,2017,0
Kuwait,KWT,2018,0
Kuwait,KWT,2019,0
Kuwait,KWT,2020,0
Kyrgyzstan,KGZ,2000,2655382
Kyrgyzstan,KGZ,2001,2678167
Kyrgyzstan,KGZ,2002,2679205
Kyrgyzstan,KGZ,2003,2676592
Kyrgyzstan,KGZ,2004,2675628
Kyrgyzstan,KGZ,2005,2608579
Kyrgyzstan,KGZ,2006,2545210
Kyrgyzstan,KGZ,2007,2484048
Kyrgyzstan,KGZ,2008,2424265
Kyrgyzstan,KGZ,2009,2364579
Kyrgyzstan,KGZ,2010,2303323
Kyrgyzstan,KGZ,2011,2240057
Kyrgyzstan,KGZ,2012,2175218
Kyrgyzstan,KGZ,2013,2124162
Kyrgyzstan,KGZ,2014,2068978
Kyrgyzstan,KGZ,2015,2008788
Kyrgyzstan,KGZ,2016,1943823
Kyrgyzstan,KGZ,2017,1955079
Kyrgyzstan,KGZ,2018,1964627
Kyrgyzstan,KGZ,2019,1972086
Kyrgyzstan,KGZ,2020,1951403
Landlocked Developing Countries,,2000,242189390
Landlocked Developing Countries,,2001,246613715
Landlocked Developing Countries,,2002,250678542
Landlocked Developing Countries,,2003,254829663
Landlocked Developing Countries,,2004,258983192
Landlocked Developing Countries,,2005,263460447
Landlocked Developing Countries,,2006,267736737
Landlocked Developing Countries,,2007,271875992
Landlocked Developing Countries,,2008,275988801
Landlocked Developing Countries,,2009,280070664
Landlocked Developing Countries,,2010,284246948
Landlocked Developing Countries,,2011,297386086
Landlocked Developing Countries,,2012,302120498
Landlocked Developing Countries,,2013,306989262
Landlocked Developing Countries,,2014,311853636
Landlocked Developing Countries,,2015,316756851
Landlocked Developing Countries,,2016,321843350
Landlocked Developing Countries,,2017,327002360
Landlocked Developing Countries,,2018,332558558
Landlocked Developing Countries,,2019,338098596
Landlocked Developing Countries,,2020,344120841
Laos,LAO,2000,5064035
Laos,LAO,2001,5049001
Laos,LAO,2002,5020736
Laos,LAO,2003,4984939
Laos,LAO,2004,5032345
Laos,LAO,2005,5083944
Laos,LAO,2006,5142515
Laos,LAO,2007,5204187
Laos,LAO,2008,5267420
Laos,LAO,2009,5330053
Laos,LAO,2010,5390550
Laos,LAO,2011,5448323
Laos,LAO,2012,5504001
Laos,LAO,2013,5558701
Laos,LAO,2014,5613980
Laos,LAO,2015,5670879
Laos,LAO,2016,5729647
Laos,LAO,2017,5789609
Laos,LAO,2018,5849733
Laos,LAO,2019,5908514
Laos,LAO,2020,5989099
Latin America and the Caribbean,,2000,147479068
Latin America and the Caribbean,,2001,147837495
Latin America and the Caribbean,,2002,148238981
Latin America and the Caribbean,,2003,148593252
Latin America and the Caribbean,,2004,148924145
Latin America and the Caribbean,,2005,149216269
Latin America and the Caribbean,,2006,149468938
Latin America and the Caribbean,,2007,149683149
Latin America and the Caribbean,,2008,149762662
Latin America and the Caribbean,,2009,149822414
Latin America and the Caribbean,,2010,149858057
Latin America and the Caribbean,,2011,149872396
Latin America and the Caribbean,,2012,151145675
Latin America and the Caribbean,,2013,152417172
Latin America and the Caribbean,,2014,153669014
Latin America and the Caribbean,,2015,154861499
Latin America and the Caribbean,,2016,156100151
Latin America and the Caribbean,,2017,157150221
Latin America and the Caribbean,,2018,158381418
Latin America and the Caribbean,,2019,159781400
Latin America and the Caribbean,,2020,160991961
Latvia,LVA,2000,177719
Latvia,LVA,2001,176270
Latvia,LVA,2002,173658
Latvia,LVA,2003,170831
Latvia,LVA,2004,167459
Latvia,LVA,2005,164125
Latvia,LVA,2006,160631
Latvia,LVA,2007,153510
Latvia,LVA,2008,146493
Latvia,LVA,2009,139463
Latvia,LVA,2010,132447
Latvia,LVA,2011,125595
Latvia,LVA,2012,118905
Latvia,LVA,2013,112364
Latvia,LVA,2014,105961
Latvia,LVA,2015,99681
Latvia,LVA,2016,93498
Latvia,LVA,2017,87422
Latvia,LVA,2018,81469
Latvia,LVA,2019,75656
Latvia,LVA,2020,69989
Least Developed Countries,,2000,487679768
Least Developed Countries,,2001,497621915
Least Developed Countries,,2002,508037513
Least Developed Countries,,2003,517816674
Least Developed Countries,,2004,527297310
Least Developed Countries,,2005,536358778
Least Developed Countries,,2006,545012993
Least Developed Countries,,2007,553455504
Least Developed Countries,,2008,561567762
Least Developed Countries,,2009,569704053
Least Developed Countries,,2010,577958539
Least Developed Countries,,2011,595258760
Least Developed Countries,,2012,603025744
Least Developed Countries,,2013,610855716
Least Developed Countries,,2014,618566864
Least Developed Countries,,2015,626111412
Least Developed Countries,,2016,633707569
Least Developed Countries,,2017,641160339
Least Developed Countries,,2018,648787014
Least Developed Countries,,2019,656196115
Least Developed Countries,,2020,665046875
Lebanon,LBN,2000,2142834
Lebanon,LBN,2001,2218160
Lebanon,LBN,2002,2316752
Lebanon,LBN,2003,2422906
Lebanon,LBN,2004,2514449
Lebanon,LBN,2005,2577020
Lebanon,LBN,2006,2601735
Lebanon,LBN,2007,2597130
Lebanon,LBN,2008,2586964
Lebanon,LBN,2009,2604341
Lebanon,LBN,2010,2671022
Lebanon,LBN,2011,2795725
Lebanon,LBN,2012,2965919
Lebanon,LBN,2013,3156122
Lebanon,LBN,2014,3330391
Lebanon,LBN,2015,3462885
Lebanon,LBN,2016,3546821
Lebanon,LBN,2017,3589816
Lebanon,LBN,2018,3598297
Lebanon,LBN,2019,3585536
Lebanon,LBN,2020,3569706
Lesotho,LSO,2000,1852915
Lesotho,LSO,2001,1837874
Lesotho,LSO,2002,1814432
Lesotho,LSO,2003,1785718
Lesotho,LSO,2004,1755933
Lesotho,LSO,2005,1728155
Lesotho,LSO,2006,1703216
Lesotho,LSO,2007,1681563
Lesotho,LSO,2008,1662239
Lesotho,LSO,2009,1644834
Lesotho,LSO,2010,1628924
Lesotho,LSO,2011,1614711
Lesotho,LSO,2012,1603691
Lesotho,LSO,2013,1593961
Lesotho,LSO,2014,1584679
Lesotho,LSO,2015,1575214
Lesotho,LSO,2016,1565424
Lesotho,LSO,2017,1555264
Lesotho,LSO,2018,1544506
Lesotho,LSO,2019,1533019
Lesotho,LSO,2020,1523004
Liechtenstein,LIE,2000,0
Liechtenstein,LIE,2001,0
Liechtenstein,LIE,2002,0
Liechtenstein,LIE,2003,0
Liechtenstein,LIE,2004,0
Liechtenstein,LIE,2005,0
Liechtenstein,LIE,2006,0
Liechtenstein,LIE,2007,0
Liechtenstein,LIE,2008,0
Liechtenstein,LIE,2009,0
Liechtenstein,LIE,2010,0
Liechtenstein,LIE,2011,0
Liechtenstein,LIE,2012,0
Liechtenstein,LIE,2013,0
Liechtenstein,LIE,2014,0
Liechtenstein,LIE,2015,0
Liechtenstein,LIE,2016,0
Liechtenstein,LIE,2017,0
Liechtenstein,LIE,2018,0
Liechtenstein,LIE,2019,0
Liechtenstein,LIE,2020,0
Lithuania,LTU,2000,1148742
Lithuania,LTU,2001,1127845
Lithuania,LTU,2002,1107028
Lithuania,LTU,2003,1085867
Lithuania,LTU,2004,1007252
Lithuania,LTU,2005,928015
Lithuania,LTU,2006,848320
Lithuania,LTU,2007,768976
Lithuania,LTU,2008,690574
Lithuania,LTU,2009,613982
Lithuania,LTU,2010,539434
Lithuania,LTU,2011,466402
Lithuania,LTU,2012,394479
Lithuania,LTU,2013,323867
Lithuania,LTU,2014,254328
Lithuania,LTU,2015,189298
Lithuania,LTU,2016,173579
Lithuania,LTU,2017,158140
Lithuania,LTU,2018,143614
Lithuania,LTU,2019,140810
Lithuania,LTU,2020,138189
Low income,,2000,321273558
Low income,,2001,329541087
Low income,,2002,337765954
Low income,,2003,346063019
Low income,,2004,354474582
Low income,,2005,362628718
Low income,,2006,370696178
Low income,,2007,378748630
Low income,,2008,386522345
Low income,,2009,394310996
Low income,,2010,402126948
Low income,,2011,419488097
Low income,,2012,427477806
Low income,,2013,435385806
Low income,,2014,443192058
Low income,,2015,450835627
Low income,,2016,458407289
Low income,,2017,466275033
Low income,,2018,473788498
Low income,,2019,481114973
Low income,,2020,488521370
Lower-middle income,,2000,1227300817
Lower-middle income,,2001,1234941580
Lower-middle income,,2002,1241410778
Lower-middle income,,2003,1246610246
Lower-middle income,,2004,1249899437
Lower-middle income,,2005,1252983541
Lower-middle income,,2006,1255225600
Lower-middle income,,2007,1256859290
Lower-middle income,,2008,1257958886
Lower-middle income,,2009,1258413491
Lower-middle income,,2010,1258170032
Lower-middle income,,2011,1257446092
Lower-middle income,,2012,1255084600
Lower-middle income,,2013,1252342366
Lower-middle income,,2014,1250803748
Lower-middle income,,2015,1249315519
Lower-middle income,,2016,1247587904
Lower-middle income,,2017,1245597540
Lower-middle income,,2018,1243717257
Lower-middle income,,2019,1240641579
Lower-middle income,,2020,1238413644
Luxembourg,LUX,2000,979
Luxembourg,LUX,2001,996
Luxembourg,LUX,2002,1009
Luxembourg,LUX,2003,1023
Luxembourg,LUX,2004,1038
Luxembourg,LUX,2005,1057
Luxembourg,LUX,2006,1080
Luxembourg,LUX,2007,1107
Luxembourg,LUX,2008,1136
Luxembourg,LUX,2009,1168
Luxembourg,LUX,2010,1199
Luxembourg,LUX,2011,1231
Luxembourg,LUX,2012,1502
Luxembourg,LUX,2013,1823
Luxembourg,LUX,2014,2138
Luxembourg,LUX,2015,2450
Luxembourg,LUX,2016,2758
Luxembourg,LUX,2017,3062
Luxembourg,LUX,2018,3360
Luxembourg,LUX,2019,3376
Luxembourg,LUX,2020,3386
Macao,MAC,2000,66
Macao,MAC,2001,68
Macao,MAC,2002,69
Macao,MAC,2003,71
Macao,MAC,2004,75
Macao,MAC,2005,78
Macao,MAC,2006,82
Macao,MAC,2007,86
Macao,MAC,2008,90
Macao,MAC,2009,94
Macao,MAC,2010,99
Macao,MAC,2011,103
Macao,MAC,2012,108
Macao,MAC,2013,113
Macao,MAC,2014,118
Macao,MAC,2015,123
Macao,MAC,2016,128
Macao,MAC,2017,132
Macao,MAC,2018,137
Macao,MAC,2019,141
Macao,MAC,2020,146
Madagascar,MDG,2000,14710153
Madagascar,MDG,2001,15076389
Madagascar,MDG,2002,15443082
Madagascar,MDG,2003,15809600
Madagascar,MDG,2004,16175464
Madagascar,MDG,2005,16528766
Madagascar,MDG,2006,16879053
Madagascar,MDG,2007,17225706
Madagascar,MDG,2008,17568067
Madagascar,MDG,2009,17905736
Madagascar,MDG,2010,18238229
Madagascar,MDG,2011,18564921
Madagascar,MDG,2012,18885661
Madagascar,MDG,2013,19272242
Madagascar,MDG,2014,19660283
Madagascar,MDG,2015,20050049
Madagascar,MDG,2016,20441288
Madagascar,MDG,2017,20833170
Madagascar,MDG,2018,21224836
Madagascar,MDG,2019,21615346
Madagascar,MDG,2020,22003457
Malaysia,MYS,2000,1721640
Malaysia,MYS,2001,1731412
Malaysia,MYS,2002,1751892
Malaysia,MYS,2003,1770829
Malaysia,MYS,2004,1788963
Malaysia,MYS,2005,1806894
Malaysia,MYS,2006,1824734
Malaysia,MYS,2007,1842201
Malaysia,MYS,2008,1858606
Malaysia,MYS,2009,1873145
Malaysia,MYS,2010,1885153
Malaysia,MYS,2011,1899500
Malaysia,MYS,2012,1912452
Malaysia,MYS,2013,1923878
Malaysia,MYS,2014,1934561
Malaysia,MYS,2015,1945262
Malaysia,MYS,2016,1956063
Malaysia,MYS,2017,1967270
Malaysia,MYS,2018,1978633
Malaysia,MYS,2019,1989877
Malaysia,MYS,2020,2000796
Malta,MLT,2000,0
Malta,MLT,2001,0
Malta,MLT,2002,0
Malta,MLT,2003,0
Malta,MLT,2004,0
Malta,MLT,2005,0
Malta,MLT,2006,0
Malta,MLT,2007,0
Malta,MLT,2008,0
Malta,MLT,2009,0
Malta,MLT,2010,0
Malta,MLT,2011,0
Malta,MLT,2012,0
Malta,MLT,2013,0
Malta,MLT,2014,0
Malta,MLT,2015,0
Malta,MLT,2016,0
Malta,MLT,2017,0
Malta,MLT,2018,0
Malta,MLT,2019,0
Malta,MLT,2020,0
Martinique,MTQ,2000,3022
Martinique,MTQ,2001,3045
Martinique,MTQ,2002,3065
Martinique,MTQ,2003,3081
Martinique,MTQ,2004,3093
Martinique,MTQ,2005,3102
Martinique,MTQ,2006,3061
Martinique,MTQ,2007,3017
Martinique,MTQ,2008,3085
Martinique,MTQ,2009,3147
Martinique,MTQ,2010,3202
Martinique,MTQ,2011,3250
Martinique,MTQ,2012,3290
Martinique,MTQ,2013,3326
Martinique,MTQ,2014,3364
Martinique,MTQ,2015,3408
Martinique,MTQ,2016,3460
Martinique,MTQ,2017,3520
Martinique,MTQ,2018,3584
Martinique,MTQ,2019,3540
Martinique,MTQ,2020,3537
Mayotte,MYT,2006,37973
Mayotte,MYT,2007,39225
Mayotte,MYT,2008,40499
Mayotte,MYT,2009,42266
Mayotte,MYT,2010,43565
Mayotte,MYT,2011,39828
Mayotte,MYT,2012,35798
Mayotte,MYT,2013,31575
Mayotte,MYT,2014,27219
Mayotte,MYT,2015,22601
Mayotte,MYT,2016,17721
Mayotte,MYT,2017,13941
Mayotte,MYT,2018,15301
Mayotte,MYT,2019,16714
Mayotte,MYT,2020,17869
Mexico,MEX,2000,60029108
Mexico,MEX,2001,60661374
Mexico,MEX,2002,61282910
Mexico,MEX,2003,61906663
Mexico,MEX,2004,62549337
Mexico,MEX,2005,63222040
Mexico,MEX,2006,63929393
Mexico,MEX,2007,64665600
Mexico,MEX,2008,65417918
Mexico,MEX,2009,66168321
Mexico,MEX,2010,66903093
Mexico,MEX,2011,67618127
Mexico,MEX,2012,68315404
Mexico,MEX,2013,68993972
Mexico,MEX,2014,69654459
Mexico,MEX,2015,70297236
Mexico,MEX,2016,70920663
Mexico,MEX,2017,71523196
Mexico,MEX,2018,72119140
Mexico,MEX,2019,72795924
Mexico,MEX,2020,73457778
Moldova,MDA,2000,2504897
Moldova,MDA,2001,2415805
Moldova,MDA,2002,2329220
Moldova,MDA,2003,2243248
Moldova,MDA,2004,2155406
Moldova,MDA,2005,2060471
Moldova,MDA,2006,1958716
Moldova,MDA,2007,1854965
Moldova,MDA,2008,1750296
Moldova,MDA,2009,1645998
Moldova,MDA,2010,1542733
Moldova,MDA,2011,1440417
Moldova,MDA,2012,1338418
Moldova,MDA,2013,1236042
Moldova,MDA,2014,1132542
Moldova,MDA,2015,1119746
Moldova,MDA,2016,1106131
Moldova,MDA,2017,1091844
Moldova,MDA,2018,1076958
Moldova,MDA,2019,1061631
Moldova,MDA,2020,1045964
Monaco,MCO,2000,0
Monaco,MCO,2001,0
Monaco,MCO,2002,0
Monaco,MCO,2003,0
Monaco,MCO,2004,0
Monaco,MCO,2005,0
Monaco,MCO,2006,0
Monaco,MCO,2007,0
Monaco,MCO,2008,0
Monaco,MCO,2009,0
Monaco,MCO,2010,0
Monaco,MCO,2011,0
Monaco,MCO,2012,0
Monaco,MCO,2013,0
Monaco,MCO,2014,0
Monaco,MCO,2015,0
Monaco,MCO,2016,0
Monaco,MCO,2017,0
Monaco,MCO,2018,0
Monaco,MCO,2019,0
Monaco,MCO,2020,0
Mongolia,MNG,2000,1903510
Mongolia,MNG,2001,1906528
Mongolia,MNG,2002,1910384
Mongolia,MNG,2003,1915340
Mongolia,MNG,2004,1921609
Mongolia,MNG,2005,1929419
Mongolia,MNG,2006,1938697
Mongolia,MNG,2007,1949543
Mongolia,MNG,2008,1962356
Mongolia,MNG,2009,1977664
Mongolia,MNG,2010,1995657
Mongolia,MNG,2011,2021389
Mongolia,MNG,2012,2052297
Mongolia,MNG,2013,2084678
Mongolia,MNG,2014,2117426
Mongolia,MNG,2015,2149605
Mongolia,MNG,2016,2180936
Mongolia,MNG,2017,2211354
Mongolia,MNG,2018,2240343
Mongolia,MNG,2019,2267574
Mongolia,MNG,2020,2292810
Montenegro,MNE,2006,99666
Montenegro,MNE,2007,99207
Montenegro,MNE,2008,98914
Montenegro,MNE,2009,98601
Montenegro,MNE,2010,98245
Montenegro,MNE,2011,97834
Montenegro,MNE,2012,97373
Montenegro,MNE,2013,96874
Montenegro,MNE,2014,96360
Montenegro,MNE,2015,95849
Montenegro,MNE,2016,95340
Montenegro,MNE,2017,94830
Montenegro,MNE,2018,94462
Montenegro,MNE,2019,94115
Montenegro,MNE,2020,93756
Morocco,MAR,2000,13293056
Morocco,MAR,2001,13190204
Morocco,MAR,2002,13081386
Morocco,MAR,2003,12968859
Morocco,MAR,2004,12854428
Morocco,MAR,2005,12700596
Morocco,MAR,2006,12538913
Morocco,MAR,2007,12377985
Morocco,MAR,2008,12219501
Morocco,MAR,2009,12065244
Morocco,MAR,2010,11624234
Morocco,MAR,2011,11168228
Morocco,MAR,2012,10818463
Morocco,MAR,2013,10455623
Morocco,MAR,2014,10075203
Morocco,MAR,2015,9675303
Morocco,MAR,2016,9255573
Morocco,MAR,2017,8817218
Morocco,MAR,2018,8361148
Morocco,MAR,2019,7888708
Morocco,MAR,2020,7400723
Myanmar,MMR,2000,34052117
Myanmar,MMR,2001,33707708
Myanmar,MMR,2002,33312369
Myanmar,MMR,2003,32865504
Myanmar,MMR,2004,32367574
Myanmar,MMR,2005,31820376
Myanmar,MMR,2006,31222579
Myanmar,MMR,2007,30577680
Myanmar,MMR,2008,29898012
Myanmar,MMR,2009,29198567
Myanmar,MMR,2010,28487728
Myanmar,MMR,2011,27870883
Myanmar,MMR,2012,27356291
Myanmar,MMR,2013,26826566
Myanmar,MMR,2014,26267429
Myanmar,MMR,2015,25668464
Myanmar,MMR,2016,25027688
Myanmar,MMR,2017,24350759
Myanmar,MMR,2018,23645994
Myanmar,MMR,2019,22924108
Myanmar,MMR,2020,22399918
Nepal,NPL,2000,17518754
Nepal,NPL,2001,17747630
Nepal,NPL,2002,17962837
Nepal,NPL,2003,18159574
Nepal,NPL,2004,18342692
Nepal,NPL,2005,18514852
Nepal,NPL,2006,18683568
Nepal,NPL,2007,18846484
Nepal,NPL,2008,18985461
Nepal,NPL,2009,19075813
Nepal,NPL,2010,19103729
Nepal,NPL,2011,19059679
Nepal,NPL,2012,18959455
Nepal,NPL,2013,19295961
Nepal,NPL,2014,19681919
Nepal,NPL,2015,20163520
Nepal,NPL,2016,20760896
Nepal,NPL,2017,21466114
Nepal,NPL,2018,22263424
Nepal,NPL,2019,23122048
Nepal,NPL,2020,24015822
Netherlands,NLD,2000,1228
Netherlands,NLD,2001,1395
Netherlands,NLD,2002,1563
Netherlands,NLD,2003,1732
Netherlands,NLD,2004,1904
Netherlands,NLD,2005,2076
Netherlands,NLD,2006,2248
Netherlands,NLD,2007,2421
Netherlands,NLD,2008,2595
Netherlands,NLD,2009,2769
Netherlands,NLD,2010,2944
Netherlands,NLD,2011,3120
Netherlands,NLD,2012,3297
Netherlands,NLD,2013,3474
Netherlands,NLD,2014,3652
Netherlands,NLD,2015,3831
Netherlands,NLD,2016,4008
Netherlands,NLD,2017,4187
Netherlands,NLD,2018,4366
Netherlands,NLD,2019,4546
Netherlands,NLD,2020,4726
New Caledonia,NCL,2000,28149
New Caledonia,NCL,2001,28697
New Caledonia,NCL,2002,29214
New Caledonia,NCL,2003,28184
New Caledonia,NCL,2004,27083
New Caledonia,NCL,2005,25921
New Caledonia,NCL,2006,24698
New Caledonia,NCL,2007,23417
New Caledonia,NCL,2008,22080
New Caledonia,NCL,2009,20694
New Caledonia,NCL,2010,19262
New Caledonia,NCL,2011,17783
New Caledonia,NCL,2012,16254
New Caledonia,NCL,2013,14670
New Caledonia,NCL,2014,13026
New Caledonia,NCL,2015,12190
New Caledonia,NCL,2016,11708
New Caledonia,NCL,2017,11206
New Caledonia,NCL,2018,10684
New Caledonia,NCL,2019,10148
New Caledonia,NCL,2020,9598
New Zealand,NZL,2000,684568
New Zealand,NZL,2001,693252
New Zealand,NZL,2002,703055
New Zealand,NZL,2003,713498
New Zealand,NZL,2004,723849
New Zealand,NZL,2005,733593
New Zealand,NZL,2006,686968
New Zealand,NZL,2007,638492
New Zealand,NZL,2008,588481
New Zealand,NZL,2009,537282
New Zealand,NZL,2010,485053
New Zealand,NZL,2011,431767
New Zealand,NZL,2012,377290
New Zealand,NZL,2013,321510
New Zealand,NZL,2014,264339
New Zealand,NZL,2015,205778
New Zealand,NZL,2016,145896
New Zealand,NZL,2017,84792
New Zealand,NZL,2018,22543
New Zealand,NZL,2019,0
New Zealand,NZL,2020,0
Nicaragua,NIC,2000,2643695
Nicaragua,NIC,2001,2678164
Nicaragua,NIC,2002,2711384
Nicaragua,NIC,2003,2743825
Nicaragua,NIC,2004,2776104
Nicaragua,NIC,2005,2808611
Nicaragua,NIC,2006,2840631
Nicaragua,NIC,2007,2873094
Nicaragua,NIC,2008,2854373
Nicaragua,NIC,2009,2835063
Nicaragua,NIC,2010,2814989
Nicaragua,NIC,2011,2794181
Nicaragua,NIC,2012,2772674
Nicaragua,NIC,2013,2750441
Nicaragua,NIC,2014,2759267
Nicaragua,NIC,2015,2790029
Nicaragua,NIC,2016,2820707
Nicaragua,NIC,2017,2853332
Nicaragua,NIC,2018,2885231
Nicaragua,NIC,2019,2916451
Nicaragua,NIC,2020,2946872
Nigeria,NGA,2000,105501297
Nigeria,NGA,2001,107623889
Nigeria,NGA,2002,109814892
Nigeria,NGA,2003,112070068
Nigeria,NGA,2004,114399364
Nigeria,NGA,2005,116810091
Nigeria,NGA,2006,119304204
Nigeria,NGA,2007,121880245
Nigeria,NGA,2008,124536779
Nigeria,NGA,2009,127271391
Nigeria,NGA,2010,130080363
Nigeria,NGA,2011,132965124
Nigeria,NGA,2012,135923305
Nigeria,NGA,2013,138947423
Nigeria,NGA,2014,142027710
Nigeria,NGA,2015,145156565
Nigeria,NGA,2016,148331482
Nigeria,NGA,2017,151551632
Nigeria,NGA,2018,154815492
Nigeria,NGA,2019,158122060
Nigeria,NGA,2020,161470609
Niue,NIU,2000,33
Niue,NIU,2001,32
Niue,NIU,2002,31
Niue,NIU,2003,31
Niue,NIU,2004,30
Niue,NIU,2005,32
Niue,NIU,2006,34
Niue,NIU,2007,36
Niue,NIU,2008,38
Niue,NIU,2009,40
Niue,NIU,2010,43
Niue,NIU,2011,47
Niue,NIU,2012,54
Niue,NIU,2013,61
Niue,NIU,2014,68
Niue,NIU,2015,75
Niue,NIU,2016,83
Niue,NIU,2017,90
Niue,NIU,2018,97
Niue,NIU,2019,104
Niue,NIU,2020,104
North America and Europe,,2000,103075967
North America and Europe,,2001,102348265
North America and Europe,,2002,101367895
North America and Europe,,2003,100328067
North America and Europe,,2004,97420909
North America and Europe,,2005,72551224
North America and Europe,,2006,70406920
North America and Europe,,2007,68215596
North America and Europe,,2008,65976824
North America and Europe,,2009,63888413
North America and Europe,,2010,61512057
North America and Europe,,2011,59170087
North America and Europe,,2012,56889630
North America and Europe,,2013,54719811
North America and Europe,,2014,53781802
North America and Europe,,2015,53021008
North America and Europe,,2016,52256715
North America and Europe,,2017,51489335
North America and Europe,,2018,50706388
North America and Europe,,2019,49960294
North America and Europe,,2020,49408024
North Korea,PRK,2000,7108136
North Korea,PRK,2001,7166980
North Korea,PRK,2002,7226541
North Korea,PRK,2003,7285001
North Korea,PRK,2004,7348530
North Korea,PRK,2005,7451311
North Korea,PRK,2006,7548135
North Korea,PRK,2007,7640094
North Korea,PRK,2008,7728795
North Korea,PRK,2009,7811970
North Korea,PRK,2010,7894416
North Korea,PRK,2011,7978481
North Korea,PRK,2012,8063552
North Korea,PRK,2013,8149414
North Korea,PRK,2014,8235292
North Korea,PRK,2015,8320690
North Korea,PRK,2016,8404505
North Korea,PRK,2017,8486992
North Korea,PRK,2018,8567797
North Korea,PRK,2019,8646567
North Korea,PRK,2020,8666607
North Macedonia,MKD,2000,397703
North Macedonia,MKD,2001,399713
North Macedonia,MKD,2002,401347
North Macedonia,MKD,2003,402672
North Macedonia,MKD,2004,403829
North Macedonia,MKD,2005,404824
North Macedonia,MKD,2006,405679
North Macedonia,MKD,2007,406356
North Macedonia,MKD,2008,406894
North Macedonia,MKD,2009,407331
North Macedonia,MKD,2010,407702
North Macedonia,MKD,2011,408015
North Macedonia,MKD,2012,408273
North Macedonia,MKD,2013,408467
North Macedonia,MKD,2014,408582
North Macedonia,MKD,2015,408605
North Macedonia,MKD,2016,434063
North Macedonia,MKD,2017,459497
North Macedonia,MKD,2018,484566
North Macedonia,MKD,2019,483729
North Macedonia,MKD,2020,482648
Northern Mariana Islands,MNP,2000,10326
Northern Mariana Islands,MNP,2001,10378
Northern Mariana Islands,MNP,2002,10291
Northern Mariana Islands,MNP,2003,10108
Northern Mariana Islands,MNP,2004,9661
Northern Mariana Islands,MNP,2005,9224
Northern Mariana Islands,MNP,2006,8799
Northern Mariana Islands,MNP,2007,8379
Northern Mariana Islands,MNP,2008,7978
Northern Mariana Islands,MNP,2009,7605
Northern Mariana Islands,MNP,2010,7264
Northern Mariana Islands,MNP,2011,6959
Northern Mariana Islands,MNP,2012,6684
Northern Mariana Islands,MNP,2013,6426
Northern Mariana Islands,MNP,2014,6165
Northern Mariana Islands,MNP,2015,5894
Northern Mariana Islands,MNP,2016,5704
Northern Mariana Islands,MNP,2017,5518
Northern Mariana Islands,MNP,2018,5325
Northern Mariana Islands,MNP,2019,5356
Northern Mariana Islands,MNP,2020,5453
Norway,NOR,2000,142
Norway,NOR,2001,143
Norway,NOR,2002,143
Norway,NOR,2003,3582
Norway,NOR,2004,7063
Norway,NOR,2005,10600
Norway,NOR,2006,14208
Norway,NOR,2007,17899
Norway,NOR,2008,21684
Norway,NOR,2009,25568
Norway,NOR,2010,29556
Norway,NOR,2011,33656
Norway,NOR,2012,37872
Norway,NOR,2013,42190
Norway,NOR,2014,46580
Norway,NOR,2015,51012
Norway,NOR,2016,55464
Norway,NOR,2017,59927
Norway,NOR,2018,64414
Norway,NOR,2019,68953
Norway,NOR,2020,73575
Oman,OMN,2000,365182
Oman,OMN,2001,369632
Oman,OMN,2002,376165
Oman,OMN,2003,384540
Oman,OMN,2004,392326
Oman,OMN,2005,393622
Oman,OMN,2006,395097
Oman,OMN,2007,397191
Oman,OMN,2008,401365
Oman,OMN,2009,409453
Oman,OMN,2010,422314
Oman,OMN,2011,436669
Oman,OMN,2012,451380
Oman,OMN,2013,466627
Oman,OMN,2014,479295
Oman,OMN,2015,487528
Oman,OMN,2016,491084
Oman,OMN,2017,491095
Oman,OMN,2018,488110
Oman,OMN,2019,484178
Oman,OMN,2020,482210
Pakistan,PAK,2000,89019737
Pakistan,PAK,2001,91151311
Pakistan,PAK,2002,93236317
Pakistan,PAK,2003,95297896
Pakistan,PAK,2004,97370220
Pakistan,PAK,2005,99848164
Pakistan,PAK,2006,102390157
Pakistan,PAK,2007,104989091
Pakistan,PAK,2008,107638672
Pakistan,PAK,2009,110327148
Pakistan,PAK,2010,113046384
Pakistan,PAK,2011,115793130
Pakistan,PAK,2012,118572865
Pakistan,PAK,2013,121396860
Pakistan,PAK,2014,124279773
Pakistan,PAK,2015,127231357
Pakistan,PAK,2016,130255450
Pakistan,PAK,2017,133345339
Pakistan,PAK,2018,136484460
Pakistan,PAK,2019,139112890
Pakistan,PAK,2020,141727016
Palau,PLW,2000,6937
Palau,PLW,2001,6766
Palau,PLW,2002,6576
Palau,PLW,2003,6353
Palau,PLW,2004,6051
Palau,PLW,2005,5709
Palau,PLW,2006,5324
Palau,PLW,2007,4908
Palau,PLW,2008,4487
Palau,PLW,2009,4088
Palau,PLW,2010,3719
Palau,PLW,2011,3384
Palau,PLW,2012,3071
Palau,PLW,2013,2774
Palau,PLW,2014,2485
Palau,PLW,2015,2197
Palau,PLW,2016,1909
Palau,PLW,2017,1622
Palau,PLW,2018,1605
Palau,PLW,2019,1588
Palau,PLW,2020,1572
Palestine,PSE,2000,866083
Palestine,PSE,2001,878155
Palestine,PSE,2002,885575
Palestine,PSE,2003,890342
Palestine,PSE,2004,895165
Palestine,PSE,2005,901908
Palestine,PSE,2006,911138
Palestine,PSE,2007,922181
Palestine,PSE,2008,934132
Palestine,PSE,2009,945613
Palestine,PSE,2010,955717
Palestine,PSE,2011,964275
Palestine,PSE,2012,971742
Palestine,PSE,2013,978625
Palestine,PSE,2014,985621
Palestine,PSE,2015,993197
Palestine,PSE,2016,1001419
Palestine,PSE,2017,1010048
Palestine,PSE,2018,1018842
Palestine,PSE,2019,1027456
Palestine,PSE,2020,1035641
Paraguay,PRY,2000,2687759
Paraguay,PRY,2001,2685914
Paraguay,PRY,2002,2681906
Paraguay,PRY,2003,2680847
Paraguay,PRY,2004,2677879
Paraguay,PRY,2005,2671805
Paraguay,PRY,2006,2662594
Paraguay,PRY,2007,2650608
Paraguay,PRY,2008,2636614
Paraguay,PRY,2009,2621627
Paraguay,PRY,2010,2606320
Paraguay,PRY,2011,2590900
Paraguay,PRY,2012,2575179
Paraguay,PRY,2013,2559569
Paraguay,PRY,2014,2543393
Paraguay,PRY,2015,2526248
Paraguay,PRY,2016,2508114
Paraguay,PRY,2017,2489087
Paraguay,PRY,2018,2507260
Paraguay,PRY,2019,2534737
Paraguay,PRY,2020,2561704
Peru,PER,2000,14553706
Peru,PER,2001,14636661
Peru,PER,2002,14697596
Peru,PER,2003,14740753
Peru,PER,2004,14772597
Peru,PER,2005,14798334
Peru,PER,2006,14820029
Peru,PER,2007,14838557
Peru,PER,2008,14870425
Peru,PER,2009,14908742
Peru,PER,2010,14948449
Peru,PER,2011,14988177
Peru,PER,2012,15029842
Peru,PER,2013,15083198
Peru,PER,2014,15160258
Peru,PER,2015,15267921
Peru,PER,2016,15411361
Peru,PER,2017,15583934
Peru,PER,2018,15766419
Peru,PER,2019,15933979
Peru,PER,2020,16069117
Philippines,PHL,2000,49701172
Philippines,PHL,2001,50695065
Philippines,PHL,2002,50086156
Philippines,PHL,2003,49387410
Philippines,PHL,2004,48585258
Philippines,PHL,2005,48142749
Philippines,PHL,2006,48622392
Philippines,PHL,2007,49336408
Philippines,PHL,2008,50034810
Philippines,PHL,2009,50737197
Philippines,PHL,2010,51445271
Philippines,PHL,2011,52114215
Philippines,PHL,2012,52797942
Philippines,PHL,2013,53483490
Philippines,PHL,2014,54153200
Philippines,PHL,2015,54793662
Philippines,PHL,2016,55401208
Philippines,PHL,2017,55975770
Philippines,PHL,2018,56522672
Philippines,PHL,2019,57051467
Philippines,PHL,2020,57568679
Poland,POL,2005,3444740
Poland,POL,2006,3299077
Poland,POL,2007,3154011
Poland,POL,2008,3008688
Poland,POL,2009,2861999
Poland,POL,2010,2646098
Poland,POL,2011,2427109
Poland,POL,2012,2206067
Poland,POL,2013,1983056
Poland,POL,2014,1758816
Poland,POL,2015,1533579
Poland,POL,2016,1306887
Poland,POL,2017,1078724
Poland,POL,2018,849188
Poland,POL,2019,634550
Poland,POL,2020,633842
Portugal,PRT,2000,696910
Portugal,PRT,2001,684981
Portugal,PRT,2002,673075
Portugal,PRT,2003,660953
Portugal,PRT,2004,648532
Portugal,PRT,2005,635766
Portugal,PRT,2006,622664
Portugal,PRT,2007,609216
Portugal,PRT,2008,595200
Portugal,PRT,2009,580388
Portugal,PRT,2010,556331
Portugal,PRT,2011,531595
Portugal,PRT,2012,506418
Portugal,PRT,2013,493778
Portugal,PRT,2014,486090
Portugal,PRT,2015,482309
Portugal,PRT,2016,479323
Portugal,PRT,2017,477057
Portugal,PRT,2018,475454
Portugal,PRT,2019,474387
Portugal,PRT,2020,473769
Puerto Rico,PRI,2000,912398
Puerto Rico,PRI,2001,908551
Puerto Rico,PRI,2002,902892
Puerto Rico,PRI,2003,896100
Puerto Rico,PRI,2004,889091
Puerto Rico,PRI,2005,882481
Puerto Rico,PRI,2006,876382
Puerto Rico,PRI,2007,870460
Puerto Rico,PRI,2008,864347
Puerto Rico,PRI,2009,761298
Puerto Rico,PRI,2010,657649
Puerto Rico,PRI,2011,554136
Puerto Rico,PRI,2012,451038
Puerto Rico,PRI,2013,348034
Puerto Rico,PRI,2014,245355
Puerto Rico,PRI,2015,144306
Puerto Rico,PRI,2016,46712
Puerto Rico,PRI,2017,17522
Puerto Rico,PRI,2018,8164
Puerto Rico,PRI,2019,4009
Puerto Rico,PRI,2020,3910
Qatar,QAT,2000,20144
Qatar,QAT,2001,20910
Qatar,QAT,2002,21790
Qatar,QAT,2003,23181
Qatar,QAT,2004,25613
Qatar,QAT,2005,29424
Qatar,QAT,2006,34772
Qatar,QAT,2007,41427
Qatar,QAT,2008,48847
Qatar,QAT,2009,56268
Qatar,QAT,2010,63115
Qatar,QAT,2011,70433
Qatar,QAT,2012,77284
Qatar,QAT,2013,83622
Qatar,QAT,2014,89476
Qatar,QAT,2015,94880
Qatar,QAT,2016,99741
Qatar,QAT,2017,104009
Qatar,QAT,2018,106183
Qatar,QAT,2019,108106
Qatar,QAT,2020,109976
Reunion,REU,2000,8185
Reunion,REU,2001,8317
Reunion,REU,2002,8446
Reunion,REU,2003,8570
Reunion,REU,2004,8686
Reunion,REU,2005,8794
Reunion,REU,2006,8690
Reunion,REU,2007,8572
Reunion,REU,2008,8445
Reunion,REU,2009,8309
Reunion,REU,2010,8168
Reunion,REU,2011,12126
Reunion,REU,2012,16147
Reunion,REU,2013,20229
Reunion,REU,2014,24372
Reunion,REU,2015,28575
Reunion,REU,2016,32839
Reunion,REU,2017,37166
Reunion,REU,2018,41555
Reunion,REU,2019,46126
Reunion,REU,2020,50855
Romania,ROU,2000,4061770
Romania,ROU,2001,4044062
Romania,ROU,2002,4023490
Romania,ROU,2003,3990911
Romania,ROU,2004,3956725
Romania,ROU,2005,3919334
Romania,ROU,2006,3877977
Romania,ROU,2007,3833631
Romania,ROU,2008,3788605
Romania,ROU,2009,3746117
Romania,ROU,2010,3708370
Romania,ROU,2011,3676350
Romania,ROU,2012,3655798
Romania,ROU,2013,3640793
Romania,ROU,2014,3625377
Romania,ROU,2015,3606072
Romania,ROU,2016,3582014
Romania,ROU,2017,3554261
Romania,ROU,2018,3524099
Romania,ROU,2019,3493812
Romania,ROU,2020,3464931
Russia,RUS,2000,37031644
Russia,RUS,2001,36888157
Russia,RUS,2002,36656648
Russia,RUS,2003,36412464
Russia,RUS,2004,36182427
Russia,RUS,2005,35983788
Russia,RUS,2006,35820794
Russia,RUS,2007,35691213
Russia,RUS,2008,35591747
Russia,RUS,2009,35516617
Russia,RUS,2010,35459527
Russia,RUS,2011,35420048
Russia,RUS,2012,35391306
Russia,RUS,2013,35367174
Russia,RUS,2014,35338781
Russia,RUS,2015,35300402
Russia,RUS,2016,35249151
Russia,RUS,2017,35183792
Russia,RUS,2018,35101227
Russia,RUS,2019,34998103
Russia,RUS,2020,34872196
Rwanda,RWA,2000,7617133
Rwanda,RWA,2001,7857987
Rwanda,RWA,2002,7996449
Rwanda,RWA,2003,8087355
Rwanda,RWA,2004,8173130
Rwanda,RWA,2005,8291574
Rwanda,RWA,2006,8448844
Rwanda,RWA,2007,8629469
Rwanda,RWA,2008,8826647
Rwanda,RWA,2009,9028170
Rwanda,RWA,2010,9225570
Rwanda,RWA,2011,9417963
Rwanda,RWA,2012,9609771
Rwanda,RWA,2013,9803886
Rwanda,RWA,2014,10003747
Rwanda,RWA,2015,10211843
Rwanda,RWA,2016,10428801
Rwanda,RWA,2017,10652434
Rwanda,RWA,2018,10879300
Rwanda,RWA,2019,11104804
Rwanda,RWA,2020,11384623
Saint Barthelemy,,2000,72
Saint Barthelemy,,2001,74
Saint Barthelemy,,2002,77
Saint Barthelemy,,2003,79
Saint Barthelemy,,2004,81
Saint Barthelemy,,2005,76
Saint Barthelemy,,2006,70
Saint Barthelemy,,2007,64
Saint Barthelemy,,2008,57
Saint Barthelemy,,2009,50
Saint Barthelemy,,2010,43
Saint Barthelemy,,2011,36
Saint Barthelemy,,2012,29
Saint Barthelemy,,2013,21
Saint Barthelemy,,2014,13
Saint Barthelemy,,2015,5
Saint Barthelemy,,2016,0
Saint Barthelemy,,2017,0
Saint Barthelemy,,2018,0
Saint Barthelemy,,2019,0
Saint Barthelemy,,2020,0
Saint Helena,SHN,2002,656
Saint Helena,SHN,2003,638
Saint Helena,SHN,2004,621
Saint Helena,SHN,2005,606
Saint Helena,SHN,2006,595
Saint Helena,SHN,2007,584
Saint Helena,SHN,2008,578
Saint Helena,SHN,2009,574
Saint Helena,SHN,2010,577
Saint Helena,SHN,2011,585
Saint Helena,SHN,2012,598
Saint Helena,SHN,2013,614
Saint Helena,SHN,2014,628
Saint Helena,SHN,2015,640
Saint Helena,SHN,2016,647
Saint Helena,SHN,2017,650
Saint Helena,SHN,2018,650
Saint Helena,SHN,2019,653
Saint Helena,SHN,2020,654
Saint Martin (French part),MAF,2000,955
Saint Martin (French part),MAF,2001,985
Saint Martin (French part),MAF,2002,1020
Saint Martin (French part),MAF,2003,1058
Saint Martin (French part),MAF,2004,1095
Saint Martin (French part),MAF,2005,1130
Saint Martin (French part),MAF,2006,1163
Saint Martin (French part),MAF,2007,1193
Saint Martin (French part),MAF,2008,1217
Saint Martin (French part),MAF,2009,1234
Saint Martin (French part),MAF,2010,1240
Saint Martin (French part),MAF,2011,1236
Saint Martin (French part),MAF,2012,1221
Saint Martin (French part),MAF,2013,1203
Saint Martin (French part),MAF,2014,1189
Saint Martin (French part),MAF,2015,1184
Saint Martin (French part),MAF,2016,1190
Saint Martin (French part),MAF,2017,1207
Saint Martin (French part),MAF,2018,1230
Saint Martin (French part),MAF,2019,1254
Saint Martin (French part),MAF,2020,1276
Saint Pierre and Miquelon,SPM,2007,1049
Saint Pierre and Miquelon,SPM,2008,1061
Saint Pierre and Miquelon,SPM,2009,1070
Saint Pierre and Miquelon,SPM,2010,1073
Saint Pierre and Miquelon,SPM,2011,1067
Saint Pierre and Miquelon,SPM,2012,1055
Saint Pierre and Miquelon,SPM,2013,1041
Saint Pierre and Miquelon,SPM,2014,1025
Saint Pierre and Miquelon,SPM,2015,1011
Saint Pierre and Miquelon,SPM,2016,1001
Saint Pierre and Miquelon,SPM,2017,993
Saint Pierre and Miquelon,SPM,2018,986
Saint Pierre and Miquelon,SPM,2019,982
Saint Pierre and Miquelon,SPM,2020,978
Samoa,WSM,2000,96484
Samoa,WSM,2001,97007
Samoa,WSM,2002,97564
Samoa,WSM,2003,98148
Samoa,WSM,2004,98756
Samoa,WSM,2005,99161
Samoa,WSM,2006,99579
Samoa,WSM,2007,100007
Samoa,WSM,2008,100465
Samoa,WSM,2009,100953
Samoa,WSM,2010,101499
Samoa,WSM,2011,102117
Samoa,WSM,2012,102785
Samoa,WSM,2013,103453
Samoa,WSM,2014,104057
Samoa,WSM,2015,104542
Samoa,WSM,2016,104887
Samoa,WSM,2017,105141
Samoa,WSM,2018,105454
Samoa,WSM,2019,105977
Samoa,WSM,2020,106688
San Marino,SMR,2000,0
San Marino,SMR,2001,0
San Marino,SMR,2002,0
San Marino,SMR,2003,0
San Marino,SMR,2004,0
San Marino,SMR,2005,0
San Marino,SMR,2006,0
San Marino,SMR,2007,0
San Marino,SMR,2008,0
San Marino,SMR,2009,0
San Marino,SMR,2010,0
San Marino,SMR,2011,0
San Marino,SMR,2012,0
San Marino,SMR,2013,0
San Marino,SMR,2014,0
San Marino,SMR,2015,0
San Marino,SMR,2016,0
San Marino,SMR,2017,0
San Marino,SMR,2018,0
San Marino,SMR,2019,0
San Marino,SMR,2020,0
Sao Tome and Principe,STP,2000,105925
Sao Tome and Principe,STP,2001,107050
Sao Tome and Principe,STP,2002,108239
Sao Tome and Principe,STP,2003,109579
Sao Tome and Principe,STP,2004,111152
Sao Tome and Principe,STP,2005,112974
Sao Tome and Principe,STP,2006,115082
Sao Tome and Principe,STP,2007,117432
Sao Tome and Principe,STP,2008,119868
Sao Tome and Principe,STP,2009,122197
Sao Tome and Principe,STP,2010,124287
Sao Tome and Principe,STP,2011,126084
Sao Tome and Principe,STP,2012,127643
Sao Tome and Principe,STP,2013,129033
Sao Tome and Principe,STP,2014,130363
Sao Tome and Principe,STP,2015,131696
Sao Tome and Principe,STP,2016,133037
Sao Tome and Principe,STP,2017,134393
Sao Tome and Principe,STP,2018,136159
Sao Tome and Principe,STP,2019,138000
Sao Tome and Principe,STP,2020,139893
Serbia,SRB,2000,2431005
Serbia,SRB,2001,2407631
Serbia,SRB,2002,2387523
Serbia,SRB,2003,2370050
Serbia,SRB,2004,2353777
Serbia,SRB,2005,2337768
Serbia,SRB,2006,2322032
Serbia,SRB,2007,2307129
Serbia,SRB,2008,2293198
Serbia,SRB,2009,2280396
Serbia,SRB,2010,2268813
Serbia,SRB,2011,2258403
Serbia,SRB,2012,2250067
Serbia,SRB,2013,2242725
Serbia,SRB,2014,2235537
Serbia,SRB,2015,2228146
Serbia,SRB,2016,2220425
Serbia,SRB,2017,2212097
Serbia,SRB,2018,2202910
Serbia,SRB,2019,2192597
Serbia,SRB,2020,2180986
Sierra Leone,SLE,2000,4363081
Sierra Leone,SLE,2001,4517212
Sierra Leone,SLE,2002,4707581
Sierra Leone,SLE,2003,4918884
Sierra Leone,SLE,2004,5126387
Sierra Leone,SLE,2005,5311906
Sierra Leone,SLE,2006,5469306
Sierra Leone,SLE,2007,5603539
Sierra Leone,SLE,2008,5721081
Sierra Leone,SLE,2009,5832858
Sierra Leone,SLE,2010,5946852
Sierra Leone,SLE,2011,6063869
Sierra Leone,SLE,2012,6181127
Sierra Leone,SLE,2013,6298871
Sierra Leone,SLE,2014,6416825
Sierra Leone,SLE,2015,6534767
Sierra Leone,SLE,2016,6653209
Sierra Leone,SLE,2017,6772509
Sierra Leone,SLE,2018,6892173
Sierra Leone,SLE,2019,7011454
Sierra Leone,SLE,2020,7129783
Singapore,SGP,2000,0
Singapore,SGP,2001,0
Singapore,SGP,2002,0
Singapore,SGP,2003,0
Singapore,SGP,2004,0
Singapore,SGP,2005,0
Singapore,SGP,2006,0
Singapore,SGP,2007,0
Singapore,SGP,2008,0
Singapore,SGP,2009,0
Singapore,SGP,2010,0
Singapore,SGP,2011,0
Singapore,SGP,2012,0
Singapore,SGP,2013,0
Singapore,SGP,2014,0
Singapore,SGP,2015,0
Singapore,SGP,2016,0
Singapore,SGP,2017,0
Singapore,SGP,2018,0
Singapore,SGP,2019,0
Singapore,SGP,2020,0
Slovakia,SVK,2000,422237
Slovakia,SVK,2001,422388
Slovakia,SVK,2002,388089
Slovakia,SVK,2003,353708
Slovakia,SVK,2004,319264
Slovakia,SVK,2005,284775
Slovakia,SVK,2006,250243
Slovakia,SVK,2007,215672
Slovakia,SVK,2008,181068
Slovakia,SVK,2009,146432
Slovakia,SVK,2010,111702
Slovakia,SVK,2011,76859
Slovakia,SVK,2012,63630
Slovakia,SVK,2013,60913
Slovakia,SVK,2014,58191
Slovakia,SVK,2015,55459
Slovakia,SVK,2016,52716
Slovakia,SVK,2017,49961
Slovakia,SVK,2018,47194
Slovakia,SVK,2019,44413
Slovakia,SVK,2020,41617
Slovenia,SVN,2000,394244
Slovenia,SVN,2001,394194
Slovenia,SVN,2002,394156
Slovenia,SVN,2003,370174
Slovenia,SVN,2004,346488
Slovenia,SVN,2005,323131
Slovenia,SVN,2006,300061
Slovenia,SVN,2007,277122
Slovenia,SVN,2008,254101
Slovenia,SVN,2009,230796
Slovenia,SVN,2010,207106
Slovenia,SVN,2011,183043
Slovenia,SVN,2012,158681
Slovenia,SVN,2013,134078
Slovenia,SVN,2014,109297
Slovenia,SVN,2015,84384
Slovenia,SVN,2016,59361
Slovenia,SVN,2017,35832
Slovenia,SVN,2018,35857
Slovenia,SVN,2019,35871
Slovenia,SVN,2020,35876
South Korea,KOR,2002,1438686
South Korea,KOR,2003,1446519
South Korea,KOR,2004,1453489
South Korea,KOR,2005,1459712
South Korea,KOR,2006,1465089
South Korea,KOR,2007,1379426
South Korea,KOR,2008,1292933
South Korea,KOR,2009,1206233
South Korea,KOR,2010,1119588
South Korea,KOR,2011,1033003
South Korea,KOR,2012,946083
South Korea,KOR,2013,858240
South Korea,KOR,2014,768906
South Korea,KOR,2015,700552
South Korea,KOR,2016,641855
South Korea,KOR,2017,582206
South Korea,KOR,2018,521877
South Korea,KOR,2019,461146
South Korea,KOR,2020,414860
Spain,ESP,2000,258300
Spain,ESP,2001,261138
Spain,ESP,2002,250598
Spain,ESP,2003,239789
Spain,ESP,2004,228604
Spain,ESP,2005,216840
Spain,ESP,2006,204483
Spain,ESP,2007,191502
Spain,ESP,2008,177702
Spain,ESP,2009,172035
Spain,ESP,2010,172021
Spain,ESP,2011,171288
Spain,ESP,2012,176432
Spain,ESP,2013,188487
Spain,ESP,2014,200453
Spain,ESP,2015,198792
Spain,ESP,2016,197411
Spain,ESP,2017,196240
Spain,ESP,2018,195194
Spain,ESP,2019,194124
Spain,ESP,2020,192941
Sub-Saharan Africa,,2000,525395648
Sub-Saharan Africa,,2001,536976501
Sub-Saharan Africa,,2002,548040499
Sub-Saharan Africa,,2003,559267290
Sub-Saharan Africa,,2004,570382450
Sub-Saharan Africa,,2005,581690743
Sub-Saharan Africa,,2006,592901409
Sub-Saharan Africa,,2007,604336575
Sub-Saharan Africa,,2008,615583029
Sub-Saharan Africa,,2009,626861962
Sub-Saharan Africa,,2010,638120451
Sub-Saharan Africa,,2011,658807464
Sub-Saharan Africa,,2012,670070277
Sub-Saharan Africa,,2013,681176311
Sub-Saharan Africa,,2014,692077962
Sub-Saharan Africa,,2015,702762036
Sub-Saharan Africa,,2016,713160395
Sub-Saharan Africa,,2017,723439243
Sub-Saharan Africa,,2018,736540658
Sub-Saharan Africa,,2019,750447080
Sub-Saharan Africa,,2020,765780662
Suriname,SUR,2000,228029
Suriname,SUR,2001,229634
Suriname,SUR,2002,231225
Suriname,SUR,2003,232821
Suriname,SUR,2004,234409
Suriname,SUR,2005,236182
Suriname,SUR,2006,237971
Suriname,SUR,2007,239763
Suriname,SUR,2008,241553
Suriname,SUR,2009,243339
Suriname,SUR,2010,245110
Suriname,SUR,2011,246872
Suriname,SUR,2012,248615
Suriname,SUR,2013,250322
Suriname,SUR,2014,251947
Suriname,SUR,2015,253464
Suriname,SUR,2016,254882
Suriname,SUR,2017,256193
Suriname,SUR,2018,257397
Suriname,SUR,2019,258507
Suriname,SUR,2020,259524
Sweden,SWE,2000,55776
Sweden,SWE,2001,53712
Sweden,SWE,2002,51666
Sweden,SWE,2003,49659
Sweden,SWE,2004,47691
Sweden,SWE,2005,45758
Sweden,SWE,2006,43814
Sweden,SWE,2007,41862
Sweden,SWE,2008,39927
Sweden,SWE,2009,37991
Sweden,SWE,2010,36345
Sweden,SWE,2011,34641
Sweden,SWE,2012,32898
Sweden,SWE,2013,31168
Sweden,SWE,2014,29450
Sweden,SWE,2015,27743
Sweden,SWE,2016,26048
Sweden,SWE,2017,24364
Sweden,SWE,2018,24816
Sweden,SWE,2019,24943
Sweden,SWE,2020,25066
Switzerland,CHE,2000,410899
Switzerland,CHE,2001,412935
Switzerland,CHE,2002,415305
Switzerland,CHE,2003,418065
Switzerland,CHE,2004,421250
Switzerland,CHE,2005,424879
Switzerland,CHE,2006,428970
Switzerland,CHE,2007,433516
Switzerland,CHE,2008,438454
Switzerland,CHE,2009,443692
Switzerland,CHE,2010,449143
Switzerland,CHE,2011,454798
Switzerland,CHE,2012,460608
Switzerland,CHE,2013,466410
Switzerland,CHE,2014,471997
Switzerland,CHE,2015,477218
Switzerland,CHE,2016,482000
Switzerland,CHE,2017,486365
Switzerland,CHE,2018,490380
Switzerland,CHE,2019,494162
Switzerland,CHE,2020,497800
Tajikistan,TJK,2000,3979044
Tajikistan,TJK,2001,3979269
Tajikistan,TJK,2002,3979626
Tajikistan,TJK,2003,3979942
Tajikistan,TJK,2004,3979854
Tajikistan,TJK,2005,3978955
Tajikistan,TJK,2006,3977130
Tajikistan,TJK,2007,3974322
Tajikistan,TJK,2008,3970392
Tajikistan,TJK,2009,3965183
Tajikistan,TJK,2010,3958432
Tajikistan,TJK,2011,3962303
Tajikistan,TJK,2012,3987185
Tajikistan,TJK,2013,4013000
Tajikistan,TJK,2014,4039804
Tajikistan,TJK,2015,4067459
Tajikistan,TJK,2016,4095892
Tajikistan,TJK,2017,4124360
Tajikistan,TJK,2018,4151254
Tajikistan,TJK,2019,4174578
Tajikistan,TJK,2020,4269348
Togo,TGO,2000,4433889
Togo,TGO,2001,4537053
Togo,TGO,2002,4635396
Togo,TGO,2003,4731432
Togo,TGO,2004,4829050
Togo,TGO,2005,4930965
Togo,TGO,2006,5037588
Togo,TGO,2007,5147792
Togo,TGO,2008,5260855
Togo,TGO,2009,5375656
Togo,TGO,2010,5491209
Togo,TGO,2011,5607099
Togo,TGO,2012,5723457
Togo,TGO,2013,5839910
Togo,TGO,2014,5955740
Togo,TGO,2015,6070446
Togo,TGO,2016,6183623
Togo,TGO,2017,6295266
Togo,TGO,2018,6405551
Togo,TGO,2019,6514791
Togo,TGO,2020,6659335
Tonga,TON,2000,69324
Tonga,TON,2001,69684
Tonga,TON,2002,70060
Tonga,TON,2003,70454
Tonga,TON,2004,70887
Tonga,TON,2005,71354
Tonga,TON,2006,71901
Tonga,TON,2007,72483
Tonga,TON,2008,73022
Tonga,TON,2009,73353
Tonga,TON,2010,73381
Tonga,TON,2011,73051
Tonga,TON,2012,72457
Tonga,TON,2013,71773
Tonga,TON,2014,71247
Tonga,TON,2015,71075
Tonga,TON,2016,71330
Tonga,TON,2017,71935
Tonga,TON,2018,72774
Tonga,TON,2019,73680
Tonga,TON,2020,74512
Tunisia,TUN,2000,2593416
Tunisia,TUN,2001,2581125
Tunisia,TUN,2002,2566503
Tunisia,TUN,2003,2550878
Tunisia,TUN,2004,2536284
Tunisia,TUN,2005,2525198
Tunisia,TUN,2006,2516306
Tunisia,TUN,2007,2509359
Tunisia,TUN,2008,2503557
Tunisia,TUN,2009,2497758
Tunisia,TUN,2010,2491208
Tunisia,TUN,2011,2483605
Tunisia,TUN,2012,2475332
Tunisia,TUN,2013,2466978
Tunisia,TUN,2014,2459248
Tunisia,TUN,2015,2452459
Tunisia,TUN,2016,2446748
Tunisia,TUN,2017,2446100
Tunisia,TUN,2018,2447758
Tunisia,TUN,2019,2448636
Tunisia,TUN,2020,2448090
Turkmenistan,TKM,2000,1505334
Turkmenistan,TKM,2001,1466957
Turkmenistan,TKM,2002,1426297
Turkmenistan,TKM,2003,1383983
Turkmenistan,TKM,2004,1340621
Turkmenistan,TKM,2005,1275531
Turkmenistan,TKM,2006,1208922
Turkmenistan,TKM,2007,1140667
Turkmenistan,TKM,2008,1070802
Turkmenistan,TKM,2009,999214
Turkmenistan,TKM,2010,925690
Turkmenistan,TKM,2011,849963
Turkmenistan,TKM,2012,771545
Turkmenistan,TKM,2013,689790
Turkmenistan,TKM,2014,604392
Turkmenistan,TKM,2015,514918
Turkmenistan,TKM,2016,436852
Turkmenistan,TKM,2017,363834
Turkmenistan,TKM,2018,304801
Turkmenistan,TKM,2019,308272
Turkmenistan,TKM,2020,311557
Uganda,UGA,2000,23098832
Uganda,UGA,2001,23696904
Uganda,UGA,2002,24320335
Uganda,UGA,2003,24963661
Uganda,UGA,2004,25618491
Uganda,UGA,2005,26279293
Uganda,UGA,2006,26945793
Uganda,UGA,2007,27621198
Uganda,UGA,2008,28306576
Uganda,UGA,2009,29003948
Uganda,UGA,2010,29715199
Uganda,UGA,2011,30433265
Uganda,UGA,2012,31158207
Uganda,UGA,2013,31907169
Uganda,UGA,2014,32701870
Uganda,UGA,2015,33553469
Uganda,UGA,2016,34470101
Uganda,UGA,2017,35434134
Uganda,UGA,2018,36400912
Uganda,UGA,2019,37311364
Uganda,UGA,2020,38126081
Ukraine,UKR,2000,16355182
Ukraine,UKR,2001,16193147
Ukraine,UKR,2002,16010698
Ukraine,UKR,2003,15818966
Ukraine,UKR,2004,14459304
Ukraine,UKR,2005,13129740
Ukraine,UKR,2006,11841707
Ukraine,UKR,2007,10586712
Ukraine,UKR,2008,9359350
Ukraine,UKR,2009,8154798
Ukraine,UKR,2010,6977181
Ukraine,UKR,2011,5810689
Ukraine,UKR,2012,4870339
Ukraine,UKR,2013,4990020
Ukraine,UKR,2014,5108329
Ukraine,UKR,2015,5056958
Ukraine,UKR,2016,5004032
Ukraine,UKR,2017,4949572
Ukraine,UKR,2018,4893935
Ukraine,UKR,2019,4858277
Ukraine,UKR,2020,4801759
United Kingdom,GBR,2000,0
United Kingdom,GBR,2001,1
United Kingdom,GBR,2002,0
United Kingdom,GBR,2003,0
United Kingdom,GBR,2004,0
United Kingdom,GBR,2005,0
United Kingdom,GBR,2006,2
United Kingdom,GBR,2007,3284
United Kingdom,GBR,2008,13047
United Kingdom,GBR,2009,23025
United Kingdom,GBR,2010,33190
United Kingdom,GBR,2011,43507
United Kingdom,GBR,2012,53946
United Kingdom,GBR,2013,64503
United Kingdom,GBR,2014,75179
United Kingdom,GBR,2015,85988
United Kingdom,GBR,2016,96937
United Kingdom,GBR,2017,108010
United Kingdom,GBR,2018,119190
United Kingdom,GBR,2019,119882
United Kingdom,GBR,2020,120513
United States,USA,2005,14054042
United States,USA,2006,14155976
United States,USA,2007,14261516
United States,USA,2008,14367991
United States,USA,2009,14471427
United States,USA,2010,14005072
United States,USA,2011,13525401
United States,USA,2012,13034705
United States,USA,2013,12533985
United States,USA,2014,12024999
United States,USA,2015,11509044
United States,USA,2016,10986938
United States,USA,2017,10459109
United States,USA,2018,9926757
United States,USA,2019,9390711
United States,USA,2020,8851945
United States Virgin Islands,VIR,2000,2628
United States Virgin Islands,VIR,2001,2595
United States Virgin Islands,VIR,2002,2560
United States Virgin Islands,VIR,2003,2523
United States Virgin Islands,VIR,2004,2486
United States Virgin Islands,VIR,2005,2447
United States Virgin Islands,VIR,2006,2408
United States Virgin Islands,VIR,2007,2368
United States Virgin Islands,VIR,2008,2329
United States Virgin Islands,VIR,2009,2290
United States Virgin Islands,VIR,2010,2252
United States Virgin Islands,VIR,2011,2215
United States Virgin Islands,VIR,2012,2178
United States Virgin Islands,VIR,2013,2173
United States Virgin Islands,VIR,2014,2169
United States Virgin Islands,VIR,2015,2166
United States Virgin Islands,VIR,2016,2164
United States Virgin Islands,VIR,2017,2162
United States Virgin Islands,VIR,2018,2160
United States Virgin Islands,VIR,2019,2159
United States Virgin Islands,VIR,2020,2155
Upper-middle income,,2000,780971981
Upper-middle income,,2001,782394086
Upper-middle income,,2002,776276350
Upper-middle income,,2003,770135437
Upper-middle income,,2004,764017070
Upper-middle income,,2005,757887970
Upper-middle income,,2006,751840424
Upper-middle income,,2007,745925936
Upper-middle income,,2008,740259292
Upper-middle income,,2009,734976572
Upper-middle income,,2010,731386919
Upper-middle income,,2011,728433358
Upper-middle income,,2012,726003127
Upper-middle income,,2013,720260067
Upper-middle income,,2014,714595372
Upper-middle income,,2015,708858045
Upper-middle income,,2016,703131544
Upper-middle income,,2017,697195352
Upper-middle income,,2018,691409152
Upper-middle income,,2019,685852444
Upper-middle income,,2020,680494623
Uzbekistan,UZB,2000,10814317
Uzbekistan,UZB,2001,10926444
Uzbekistan,UZB,2002,11030182
Uzbekistan,UZB,2003,11130649
Uzbekistan,UZB,2004,11234458
Uzbekistan,UZB,2005,11346322
Uzbekistan,UZB,2006,11467863
Uzbekistan,UZB,2007,11598322
Uzbekistan,UZB,2008,11736387
Uzbekistan,UZB,2009,11806929
Uzbekistan,UZB,2010,11878833
Uzbekistan,UZB,2011,11997894
Uzbekistan,UZB,2012,12167021
Uzbekistan,UZB,2013,12339720
Uzbekistan,UZB,2014,12524748
Uzbekistan,UZB,2015,12724780
Uzbekistan,UZB,2016,12928388
Uzbekistan,UZB,2017,13134250
Uzbekistan,UZB,2018,13359364
Uzbekistan,UZB,2019,13575465
Uzbekistan,UZB,2020,13779248
Wallis and Futuna Islands,,2000,5997
Wallis and Futuna Islands,,2001,6054
Wallis and Futuna Islands,,2002,6121
Wallis and Futuna Islands,,2003,6167
Wallis and Futuna Islands,,2004,6170
Wallis and Futuna Islands,,2005,6108
Wallis and Futuna Islands,,2006,5976
Wallis and Futuna Islands,,2007,5783
Wallis and Futuna Islands,,2008,5560
Wallis and Futuna Islands,,2009,5356
Wallis and Futuna Islands,,2010,5201
Wallis and Futuna Islands,,2011,5112
Wallis and Futuna Islands,,2012,5076
Wallis and Futuna Islands,,2013,5072
Wallis and Futuna Islands,,2014,5069
Wallis and Futuna Islands,,2015,5040
Wallis and Futuna Islands,,2016,4975
Wallis and Futuna Islands,,2017,4894
Wallis and Futuna Islands,,2018,4797
Wallis and Futuna Islands,,2019,4710
Wallis and Futuna Islands,,2020,4634
Western Asia and Northern Africa,,2000,114195074
Western Asia and Northern Africa,,2001,115546600
Western Asia and Northern Africa,,2002,116631423
Western Asia and Northern Africa,,2003,116722094
Western Asia and Northern Africa,,2004,116735737
Western Asia and Northern Africa,,2005,115689325
Western Asia and Northern Africa,,2006,114293084
Western Asia and Northern Africa,,2007,112765335
Western Asia and Northern Africa,,2008,111195190
Western Asia and Northern Africa,,2009,109687319
Western Asia and Northern Africa,,2010,108278238
Western Asia and Northern Africa,,2011,108540515
Western Asia and Northern Africa,,2012,108917918
Western Asia and Northern Africa,,2013,109306246
Western Asia and Northern Africa,,2014,109583842
Western Asia and Northern Africa,,2015,109674942
Western Asia and Northern Africa,,2016,109651583
Western Asia and Northern Africa,,2017,110235013
Western Asia and Northern Africa,,2018,110736857
Western Asia and Northern Africa,,2019,111392513
Western Asia and Northern Africa,,2020,112084535
World,OWID_WRL,2000,2348364799
World,OWID_WRL,2001,2361902994
World,OWID_WRL,2002,2357925373
World,OWID_WRL,2003,2369292466
World,OWID_WRL,2004,2380273626
World,OWID_WRL,2005,2391664244
World,OWID_WRL,2006,2402134035
World,OWID_WRL,2007,2412672619
World,OWID_WRL,2008,2423290669
World,OWID_WRL,2009,2401330486
World,OWID_WRL,2010,2378727385
World,OWID_WRL,2011,2351577149
World,OWID_WRL,2012,2317124121
World,OWID_WRL,2013,2279156892
World,OWID_WRL,2014,2239889088
World,OWID_WRL,2015,2199225922
World,OWID_WRL,2016,2157587215
World,OWID_WRL,2017,2114935940
World,OWID_WRL,2018,2071850673
World,OWID_WRL,2019,2031634805
World,OWID_WRL,2020,2005910836
Zimbabwe,ZWE,2000,7976266
Zimbabwe,ZWE,2001,7981341
Zimbabwe,ZWE,2002,7980624
Zimbabwe,ZWE,2003,8007915
Zimbabwe,ZWE,2004,8046329
Zimbabwe,ZWE,2005,8114146
Zimbabwe,ZWE,2006,8197126
Zimbabwe,ZWE,2007,8295111
Zimbabwe,ZWE,2008,8409395
Zimbabwe,ZWE,2009,8540477
Zimbabwe,ZWE,2010,8688303
Zimbabwe,ZWE,2011,8854685
Zimbabwe,ZWE,2012,9038774
Zimbabwe,ZWE,2013,9233886
Zimbabwe,ZWE,2014,9428911
Zimbabwe,ZWE,2015,9617038
Zimbabwe,ZWE,2016,9795465
Zimbabwe,ZWE,2017,9965949
Zimbabwe,ZWE,2018,10132015
Zimbabwe,ZWE,2019,10299638
Zimbabwe,ZWE,2020,10473029