Entity,Code,Year,6.4.2 - Level of water stress: freshwater withdrawal as a proportion of available freshwater resources (%) - ER_H2O_STRESS - No breakdown
Afghanistan,AFG,2000,54.76
Afghanistan,AFG,2001,54.76
Afghanistan,AFG,2002,54.76
Afghanistan,AFG,2003,54.76
Afghanistan,AFG,2004,54.76
Afghanistan,AFG,2005,54.76
Afghanistan,AFG,2006,54.76
Afghanistan,AFG,2007,54.76
Afghanistan,AFG,2008,54.76
Afghanistan,AFG,2009,54.76
Afghanistan,AFG,2010,54.76
Afghanistan,AFG,2011,54.76
Afghanistan,AFG,2012,54.76
Afghanistan,AFG,2013,54.76
Afghanistan,AFG,2014,54.76
Afghanistan,AFG,2015,54.76
Afghanistan,AFG,2016,54.76
Afghanistan,AFG,2017,54.76
Afghanistan,AFG,2018,54.76
Afghanistan,AFG,2019,54.76
Algeria,DZA,2000,79.26
Algeria,DZA,2001,81.71
Algeria,DZA,2002,85.04
Algeria,DZA,2003,87.52
Algeria,DZA,2004,90.01
Algeria,DZA,2005,92.49
Algeria,DZA,2006,94.98
Algeria,DZA,2007,97.46
Algeria,DZA,2008,99.95
Algeria,DZA,2009,102.44
Algeria,DZA,2010,104.92
Algeria,DZA,2011,107.41
Algeria,DZA,2012,109.75
Algeria,DZA,2013,115.16
Algeria,DZA,2014,120.58
Algeria,DZA,2015,125.99
Algeria,DZA,2016,129.87
Algeria,DZA,2017,137.92
Algeria,DZA,2018,137.92
Algeria,DZA,2019,137.92
Angola,AGO,2000,1.7
Angola,AGO,2001,1.73
Angola,AGO,2002,1.77
Angola,AGO,2003,1.8
Angola,AGO,2004,1.84
Angola,AGO,2005,1.87
Angola,AGO,2006,1.87
Angola,AGO,2007,1.87
Angola,AGO,2008,1.87
Angola,AGO,2009,1.87
Angola,AGO,2010,1.87
Angola,AGO,2011,1.87
Angola,AGO,2012,1.87
Angola,AGO,2013,1.87
Angola,AGO,2014,1.87
Angola,AGO,2015,1.87
Angola,AGO,2016,1.87
Angola,AGO,2017,1.87
Angola,AGO,2018,1.87
Angola,AGO,2019,1.87
Antigua and Barbuda,ATG,2000,7.63
Antigua and Barbuda,ATG,2001,8.06
Antigua and Barbuda,ATG,2002,8.5
Antigua and Barbuda,ATG,2003,8.94
Antigua and Barbuda,ATG,2004,9.37
Antigua and Barbuda,ATG,2005,9.81
Antigua and Barbuda,ATG,2006,9.62
Antigua and Barbuda,ATG,2007,9.42
Antigua and Barbuda,ATG,2008,9.23
Antigua and Barbuda,ATG,2009,9.04
Antigua and Barbuda,ATG,2010,8.85
Antigua and Barbuda,ATG,2011,8.65
Antigua and Barbuda,ATG,2012,8.46
Antigua and Barbuda,ATG,2013,8.46
Antigua and Barbuda,ATG,2014,8.46
Antigua and Barbuda,ATG,2015,8.46
Antigua and Barbuda,ATG,2016,8.46
Antigua and Barbuda,ATG,2017,8.46
Antigua and Barbuda,ATG,2018,8.46
Antigua and Barbuda,ATG,2019,8.46
Argentina,ARG,2000,8.42
Argentina,ARG,2001,8.61
Argentina,ARG,2002,8.79
Argentina,ARG,2003,8.98
Argentina,ARG,2004,9.16
Argentina,ARG,2005,9.35
Argentina,ARG,2006,9.53
Argentina,ARG,2007,9.72
Argentina,ARG,2008,9.9
Argentina,ARG,2009,10.09
Argentina,ARG,2010,10.27
Argentina,ARG,2011,10.46
Argentina,ARG,2012,10.46
Argentina,ARG,2013,10.46
Argentina,ARG,2014,10.46
Argentina,ARG,2015,10.46
Argentina,ARG,2016,10.46
Argentina,ARG,2017,10.46
Argentina,ARG,2018,10.46
Argentina,ARG,2019,10.46
Armenia,ARM,2000,37.74
Armenia,ARM,2001,34.82
Armenia,ARM,2002,34.94
Armenia,ARM,2003,39.86
Armenia,ARM,2004,50.49
Armenia,ARM,2005,55.9
Armenia,ARM,2006,57.03
Armenia,ARM,2007,60.76
Armenia,ARM,2008,57.96
Armenia,ARM,2009,49.71
Armenia,ARM,2010,42.89
Armenia,ARM,2011,49.18
Armenia,ARM,2012,59.33
Armenia,ARM,2013,59.61
Armenia,ARM,2014,57.7
Armenia,ARM,2015,66.01
Armenia,ARM,2016,64.19
Armenia,ARM,2017,57.8
Armenia,ARM,2018,54.75
Armenia,ARM,2019,57.8
Australia,AUS,2000,8.71
Australia,AUS,2001,8.66
Australia,AUS,2002,8.38
Australia,AUS,2003,8.1
Australia,AUS,2004,7.81
Australia,AUS,2005,7.53
Australia,AUS,2006,7.06
Australia,AUS,2007,6.59
Australia,AUS,2008,6.11
Australia,AUS,2009,5.64
Australia,AUS,2010,5.3
Australia,AUS,2011,5.31
Australia,AUS,2012,6.38
Australia,AUS,2013,7.7
Australia,AUS,2014,7.42
Australia,AUS,2015,3.71
Australia,AUS,2016,4.27
Australia,AUS,2017,4.85
Australia,AUS,2018,5
Australia,AUS,2019,3.93
Austria,AUT,2000,10.05
Austria,AUT,2001,9.97
Austria,AUT,2002,9.88
Austria,AUT,2003,9.85
Austria,AUT,2004,9.82
Austria,AUT,2005,9.79
Austria,AUT,2006,9.76
Austria,AUT,2007,9.73
Austria,AUT,2008,9.7
Austria,AUT,2009,9.67
Austria,AUT,2010,9.64
Austria,AUT,2011,9.64
Austria,AUT,2012,9.64
Austria,AUT,2013,9.64
Austria,AUT,2014,9.64
Austria,AUT,2015,9.64
Austria,AUT,2016,9.64
Austria,AUT,2017,9.64
Austria,AUT,2018,9.64
Austria,AUT,2019,9.64
Azerbaijan,AZE,2000,48.53
Azerbaijan,AZE,2001,43.82
Azerbaijan,AZE,2002,43.8
Azerbaijan,AZE,2003,46.45
Azerbaijan,AZE,2004,49.35
Azerbaijan,AZE,2005,52.11
Azerbaijan,AZE,2006,53.63
Azerbaijan,AZE,2007,53.37
Azerbaijan,AZE,2008,50.92
Azerbaijan,AZE,2009,49.19
Azerbaijan,AZE,2010,48.44
Azerbaijan,AZE,2011,49.88
Azerbaijan,AZE,2012,52.88
Azerbaijan,AZE,2013,52.97
Azerbaijan,AZE,2014,51.19
Azerbaijan,AZE,2015,51.62
Azerbaijan,AZE,2016,52.45
Azerbaijan,AZE,2017,53.52
Azerbaijan,AZE,2018,53.73
Azerbaijan,AZE,2019,55.6
Bahrain,BHR,2000,248.91
Bahrain,BHR,2001,234.76
Bahrain,BHR,2002,220.61
Bahrain,BHR,2003,205.78
Bahrain,BHR,2004,201.11
Bahrain,BHR,2005,196.43
Bahrain,BHR,2006,191.76
Bahrain,BHR,2007,187.09
Bahrain,BHR,2008,182.42
Bahrain,BHR,2009,177.75
Bahrain,BHR,2010,173.08
Bahrain,BHR,2011,168.41
Bahrain,BHR,2012,163.74
Bahrain,BHR,2013,159.07
Bahrain,BHR,2014,154.4
Bahrain,BHR,2015,137.16
Bahrain,BHR,2016,133.71
Bahrain,BHR,2017,133.71
Bahrain,BHR,2018,133.71
Bahrain,BHR,2019,133.71
Bangladesh,BGD,2008,5.72
Bangladesh,BGD,2009,5.72
Bangladesh,BGD,2010,5.72
Bangladesh,BGD,2011,5.72
Bangladesh,BGD,2012,5.72
Bangladesh,BGD,2013,5.72
Bangladesh,BGD,2014,5.72
Bangladesh,BGD,2015,5.72
Bangladesh,BGD,2016,5.72
Bangladesh,BGD,2017,5.72
Bangladesh,BGD,2018,5.72
Bangladesh,BGD,2019,5.72
Barbados,BRB,2000,101.25
Barbados,BRB,2001,101.25
Barbados,BRB,2002,101.25
Barbados,BRB,2003,101.25
Barbados,BRB,2004,101.25
Barbados,BRB,2005,87.5
Barbados,BRB,2006,87.5
Barbados,BRB,2007,87.5
Barbados,BRB,2008,87.5
Barbados,BRB,2009,87.5
Barbados,BRB,2010,87.5
Barbados,BRB,2011,87.5
Barbados,BRB,2012,87.5
Barbados,BRB,2013,87.5
Barbados,BRB,2014,87.5
Barbados,BRB,2015,87.5
Barbados,BRB,2016,87.5
Barbados,BRB,2017,87.5
Barbados,BRB,2018,87.5
Barbados,BRB,2019,87.5
Belarus,BLR,2000,6.05
Belarus,BLR,2001,5.97
Belarus,BLR,2002,5.88
Belarus,BLR,2003,5.8
Belarus,BLR,2004,5.71
Belarus,BLR,2005,5.62
Belarus,BLR,2006,5.52
Belarus,BLR,2007,5.41
Belarus,BLR,2008,5.31
Belarus,BLR,2009,5.21
Belarus,BLR,2010,5.1
Belarus,BLR,2011,5.06
Belarus,BLR,2012,5.03
Belarus,BLR,2013,4.99
Belarus,BLR,2014,5.18
Belarus,BLR,2015,4.77
Belarus,BLR,2016,4.79
Belarus,BLR,2017,4.6
Belarus,BLR,2018,4.58
Belarus,BLR,2019,4.48
Belgium,BEL,2000,92.54
Belgium,BEL,2001,87.65
Belgium,BEL,2002,82.75
Belgium,BEL,2003,81.32
Belgium,BEL,2004,79.88
Belgium,BEL,2005,78.45
Belgium,BEL,2006,77.4
Belgium,BEL,2007,76.34
Belgium,BEL,2008,75.29
Belgium,BEL,2009,73.73
Belgium,BEL,2010,73.13
Belgium,BEL,2011,62.43
Belgium,BEL,2012,65.11
Belgium,BEL,2013,59.32
Belgium,BEL,2014,55.97
Belgium,BEL,2015,49.07
Belgium,BEL,2016,51.51
Belgium,BEL,2017,53.96
Belgium,BEL,2018,54.07
Belgium,BEL,2019,54.07
Belize,BLZ,2000,1.26
Belize,BLZ,2001,1.26
Belize,BLZ,2002,1.26
Belize,BLZ,2003,1.26
Belize,BLZ,2004,1.26
Belize,BLZ,2005,1.26
Belize,BLZ,2006,1.26
Belize,BLZ,2007,1.26
Belize,BLZ,2008,1.26
Belize,BLZ,2009,1.26
Belize,BLZ,2010,1.26
Belize,BLZ,2011,1.26
Belize,BLZ,2012,1.26
Belize,BLZ,2013,1.26
Belize,BLZ,2014,1.26
Belize,BLZ,2015,1.26
Belize,BLZ,2016,1.26
Belize,BLZ,2017,1.26
Belize,BLZ,2018,1.26
Belize,BLZ,2019,1.26
Benin,BEN,2000,1
Benin,BEN,2001,0.98
Benin,BEN,2002,0.98
Benin,BEN,2003,0.98
Benin,BEN,2004,0.98
Benin,BEN,2005,0.98
Benin,BEN,2006,0.98
Benin,BEN,2007,0.98
Benin,BEN,2008,0.98
Benin,BEN,2009,0.98
Benin,BEN,2010,0.98
Benin,BEN,2011,0.98
Benin,BEN,2012,0.98
Benin,BEN,2013,0.98
Benin,BEN,2014,0.98
Benin,BEN,2015,0.98
Benin,BEN,2016,0.98
Benin,BEN,2017,0.98
Benin,BEN,2018,0.98
Benin,BEN,2019,0.98
Bermuda,BMU,2005,3.92
Bermuda,BMU,2006,4.32
Bermuda,BMU,2007,3.92
Bermuda,BMU,2008,3.44
Bermuda,BMU,2009,4.24
Bermuda,BMU,2010,4.24
Bermuda,BMU,2011,4.24
Bermuda,BMU,2012,4.24
Bermuda,BMU,2013,4.24
Bermuda,BMU,2014,4.24
Bermuda,BMU,2015,4.24
Bermuda,BMU,2016,4.24
Bermuda,BMU,2017,4.24
Bermuda,BMU,2018,4.24
Bermuda,BMU,2019,4.24
Bhutan,BTN,2008,1.41
Bhutan,BTN,2009,1.41
Bhutan,BTN,2010,1.41
Bhutan,BTN,2011,1.41
Bhutan,BTN,2012,1.41
Bhutan,BTN,2013,1.41
Bhutan,BTN,2014,1.41
Bhutan,BTN,2015,1.41
Bhutan,BTN,2016,1.41
Bhutan,BTN,2017,1.41
Bhutan,BTN,2018,1.41
Bhutan,BTN,2019,1.41
Bolivia,BOL,2000,1.11
Bolivia,BOL,2001,1.12
Bolivia,BOL,2002,1.13
Bolivia,BOL,2003,1.13
Bolivia,BOL,2004,1.14
Bolivia,BOL,2005,1.15
Bolivia,BOL,2006,1.16
Bolivia,BOL,2007,1.17
Bolivia,BOL,2008,1.18
Bolivia,BOL,2009,1.18
Bolivia,BOL,2010,1.18
Bolivia,BOL,2011,1.18
Bolivia,BOL,2012,1.18
Bolivia,BOL,2013,1.18
Bolivia,BOL,2014,1.18
Bolivia,BOL,2015,1.18
Bolivia,BOL,2016,1.18
Bolivia,BOL,2017,1.18
Bolivia,BOL,2018,1.18
Bolivia,BOL,2019,1.18
Bosnia and Herzegovina,BIH,2000,2.47
Bosnia and Herzegovina,BIH,2001,2.48
Bosnia and Herzegovina,BIH,2002,2.49
Bosnia and Herzegovina,BIH,2003,2.51
Bosnia and Herzegovina,BIH,2004,2.52
Bosnia and Herzegovina,BIH,2005,2.51
Bosnia and Herzegovina,BIH,2006,2.53
Bosnia and Herzegovina,BIH,2007,2.59
Bosnia and Herzegovina,BIH,2008,2.6
Bosnia and Herzegovina,BIH,2009,2.85
Bosnia and Herzegovina,BIH,2010,2.89
Bosnia and Herzegovina,BIH,2011,2.81
Bosnia and Herzegovina,BIH,2012,2.91
Bosnia and Herzegovina,BIH,2013,2.89
Bosnia and Herzegovina,BIH,2014,2.74
Bosnia and Herzegovina,BIH,2015,2.78
Bosnia and Herzegovina,BIH,2016,2.79
Bosnia and Herzegovina,BIH,2017,2.66
Bosnia and Herzegovina,BIH,2018,2.07
Bosnia and Herzegovina,BIH,2019,2.03
Botswana,BWA,2000,2.03
Botswana,BWA,2001,2.03
Botswana,BWA,2002,2.03
Botswana,BWA,2003,2.04
Botswana,BWA,2004,2.04
Botswana,BWA,2005,2.04
Botswana,BWA,2006,2.05
Botswana,BWA,2007,2.05
Botswana,BWA,2008,2.05
Botswana,BWA,2009,2.06
Botswana,BWA,2010,2.06
Botswana,BWA,2011,2.06
Botswana,BWA,2012,2.03
Botswana,BWA,2013,2
Botswana,BWA,2014,1.96
Botswana,BWA,2015,1.96
Botswana,BWA,2016,2.1
Botswana,BWA,2017,2.02
Botswana,BWA,2018,2.13
Botswana,BWA,2019,2.11
Brazil,BRA,2000,2.65
Brazil,BRA,2001,2.67
Brazil,BRA,2002,2.68
Brazil,BRA,2003,2.7
Brazil,BRA,2004,2.71
Brazil,BRA,2005,2.73
Brazil,BRA,2006,2.74
Brazil,BRA,2007,2.94
Brazil,BRA,2008,3.14
Brazil,BRA,2009,3.34
Brazil,BRA,2010,3.54
Brazil,BRA,2011,3.42
Brazil,BRA,2012,3.3
Brazil,BRA,2013,3.19
Brazil,BRA,2014,3.07
Brazil,BRA,2015,3.02
Brazil,BRA,2016,3.14
Brazil,BRA,2017,3.11
Brazil,BRA,2018,1.42
Brazil,BRA,2019,1.55
Brunei,BRN,2000,3.47
Brunei,BRN,2001,3.47
Brunei,BRN,2002,3.47
Brunei,BRN,2003,3.47
Brunei,BRN,2004,3.47
Brunei,BRN,2005,3.47
Brunei,BRN,2006,3.47
Brunei,BRN,2007,3.47
Brunei,BRN,2008,3.47
Brunei,BRN,2009,3.47
Brunei,BRN,2010,3.47
Brunei,BRN,2011,3.47
Brunei,BRN,2012,3.47
Brunei,BRN,2013,3.47
Brunei,BRN,2014,3.47
Brunei,BRN,2015,3.47
Brunei,BRN,2016,3.47
Brunei,BRN,2017,3.47
Brunei,BRN,2018,3.47
Brunei,BRN,2019,3.47
Bulgaria,BGR,2000,45.33
Bulgaria,BGR,2001,43.12
Bulgaria,BGR,2002,48.7
Bulgaria,BGR,2003,48.13
Bulgaria,BGR,2004,47.56
Bulgaria,BGR,2005,46.98
Bulgaria,BGR,2006,46.41
Bulgaria,BGR,2007,45.84
Bulgaria,BGR,2008,47.49
Bulgaria,BGR,2009,45.24
Bulgaria,BGR,2010,44.05
Bulgaria,BGR,2011,47.19
Bulgaria,BGR,2012,42.24
Bulgaria,BGR,2013,40.42
Bulgaria,BGR,2014,39.74
Bulgaria,BGR,2015,41.61
Bulgaria,BGR,2016,42.05
Bulgaria,BGR,2017,41.82
Bulgaria,BGR,2018,40.1
Bulgaria,BGR,2019,40.08
Burkina Faso,BFA,2000,6.2
Burkina Faso,BFA,2001,6.52
Burkina Faso,BFA,2002,6.85
Burkina Faso,BFA,2003,7.17
Burkina Faso,BFA,2004,7.5
Burkina Faso,BFA,2005,7.82
Burkina Faso,BFA,2006,7.82
Burkina Faso,BFA,2007,7.82
Burkina Faso,BFA,2008,7.82
Burkina Faso,BFA,2009,7.82
Burkina Faso,BFA,2010,7.82
Burkina Faso,BFA,2011,7.82
Burkina Faso,BFA,2012,7.82
Burkina Faso,BFA,2013,7.82
Burkina Faso,BFA,2014,7.82
Burkina Faso,BFA,2015,7.82
Burkina Faso,BFA,2016,7.82
Burkina Faso,BFA,2017,7.82
Burkina Faso,BFA,2018,7.82
Burkina Faso,BFA,2019,7.82
Burundi,BDI,2000,10.48
Burundi,BDI,2001,10.42
Burundi,BDI,2002,10.37
Burundi,BDI,2003,10.31
Burundi,BDI,2004,10.25
Burundi,BDI,2005,10.19
Burundi,BDI,2006,10.19
Burundi,BDI,2007,10.19
Burundi,BDI,2008,10.19
Burundi,BDI,2009,10.19
Burundi,BDI,2010,10.19
Burundi,BDI,2011,10.19
Burundi,BDI,2012,10.19
Burundi,BDI,2013,10.19
Burundi,BDI,2014,10.19
Burundi,BDI,2015,10.19
Burundi,BDI,2016,10.19
Burundi,BDI,2017,10.19
Burundi,BDI,2018,10.19
Burundi,BDI,2019,10.19
Cambodia,KHM,2006,1.04
Cambodia,KHM,2007,1.04
Cambodia,KHM,2008,1.04
Cambodia,KHM,2009,1.04
Cambodia,KHM,2010,1.04
Cambodia,KHM,2011,1.04
Cambodia,KHM,2012,1.04
Cambodia,KHM,2013,1.04
Cambodia,KHM,2014,1.04
Cambodia,KHM,2015,1.04
Cambodia,KHM,2016,1.04
Cambodia,KHM,2017,1.04
Cambodia,KHM,2018,1.04
Cambodia,KHM,2019,1.04
Cameroon,CMR,2000,1.39
Cameroon,CMR,2001,1.42
Cameroon,CMR,2002,1.46
Cameroon,CMR,2003,1.49
Cameroon,CMR,2004,1.53
Cameroon,CMR,2005,1.56
Cameroon,CMR,2006,1.56
Cameroon,CMR,2007,1.56
Cameroon,CMR,2008,1.56
Cameroon,CMR,2009,1.56
Cameroon,CMR,2010,1.56
Cameroon,CMR,2011,1.56
Cameroon,CMR,2012,1.56
Cameroon,CMR,2013,1.56
Cameroon,CMR,2014,1.56
Cameroon,CMR,2015,1.56
Cameroon,CMR,2016,1.56
Cameroon,CMR,2017,1.56
Cameroon,CMR,2018,1.56
Cameroon,CMR,2019,1.56
Canada,CAN,2000,4.31
Canada,CAN,2001,4.31
Canada,CAN,2002,4.3
Canada,CAN,2003,4.29
Canada,CAN,2004,4.28
Canada,CAN,2005,4.27
Canada,CAN,2006,4.26
Canada,CAN,2007,4.26
Canada,CAN,2008,4.13
Canada,CAN,2009,4
Canada,CAN,2010,3.83
Canada,CAN,2011,3.67
Canada,CAN,2012,3.75
Canada,CAN,2013,3.84
Canada,CAN,2014,3.76
Canada,CAN,2015,3.68
Canada,CAN,2016,3.71
Canada,CAN,2017,3.73
Canada,CAN,2018,3.73
Canada,CAN,2019,3.73
Cape Verde,CPV,2001,7.18
Cape Verde,CPV,2002,7.6
Cape Verde,CPV,2003,8.02
Cape Verde,CPV,2004,8.43
Cape Verde,CPV,2005,8.43
Cape Verde,CPV,2006,8.43
Cape Verde,CPV,2007,8.43
Cape Verde,CPV,2008,8.43
Cape Verde,CPV,2009,8.43
Cape Verde,CPV,2010,8.43
Cape Verde,CPV,2011,8.43
Cape Verde,CPV,2012,8.43
Cape Verde,CPV,2013,8.43
Cape Verde,CPV,2014,8.43
Cape Verde,CPV,2015,8.43
Cape Verde,CPV,2016,8.43
Cape Verde,CPV,2017,8.43
Cape Verde,CPV,2018,8.43
Cape Verde,CPV,2019,8.43
Central African Republic,CAF,2000,0.31
Central African Republic,CAF,2001,0.31
Central African Republic,CAF,2002,0.32
Central African Republic,CAF,2003,0.32
Central African Republic,CAF,2004,0.33
Central African Republic,CAF,2005,0.34
Central African Republic,CAF,2006,0.34
Central African Republic,CAF,2007,0.34
Central African Republic,CAF,2008,0.34
Central African Republic,CAF,2009,0.34
Central African Republic,CAF,2010,0.34
Central African Republic,CAF,2011,0.34
Central African Republic,CAF,2012,0.34
Central African Republic,CAF,2013,0.34
Central African Republic,CAF,2014,0.34
Central African Republic,CAF,2015,0.34
Central African Republic,CAF,2016,0.34
Central African Republic,CAF,2017,0.34
Central African Republic,CAF,2018,0.34
Central African Republic,CAF,2019,0.34
Central and Southern Asia (UN),,2015,71.26
Central and Southern Asia (UN),,2016,71.3
Central and Southern Asia (UN),,2017,71.58
Central and Southern Asia (UN),,2018,71.31
Central and Southern Asia (UN),,2019,70.39
Chad,TCD,2000,3.81
Chad,TCD,2001,4.01
Chad,TCD,2002,4.21
Chad,TCD,2003,4.24
Chad,TCD,2004,4.27
Chad,TCD,2005,4.29
Chad,TCD,2006,4.29
Chad,TCD,2007,4.29
Chad,TCD,2008,4.29
Chad,TCD,2009,4.29
Chad,TCD,2010,4.29
Chad,TCD,2011,4.29
Chad,TCD,2012,4.29
Chad,TCD,2013,4.29
Chad,TCD,2014,4.29
Chad,TCD,2015,4.29
Chad,TCD,2016,4.29
Chad,TCD,2017,4.29
Chad,TCD,2018,4.29
Chad,TCD,2019,4.29
Chile,CHL,2000,7.35
Chile,CHL,2001,7.62
Chile,CHL,2002,7.9
Chile,CHL,2003,8.16
Chile,CHL,2004,8.43
Chile,CHL,2005,8.71
Chile,CHL,2006,8.98
Chile,CHL,2007,10.39
Chile,CHL,2008,11.79
Chile,CHL,2009,13.19
Chile,CHL,2010,14.6
Chile,CHL,2011,16
Chile,CHL,2012,17.41
Chile,CHL,2013,18.81
Chile,CHL,2014,20.22
Chile,CHL,2015,21.62
Chile,CHL,2016,21.62
Chile,CHL,2017,21.62
Chile,CHL,2018,21.62
Chile,CHL,2019,21.62
China,CHN,2000,40.23
China,CHN,2001,40.28
China,CHN,2002,40.33
China,CHN,2003,40.37
China,CHN,2004,40.42
China,CHN,2005,40.47
China,CHN,2006,41.48
China,CHN,2007,41.53
China,CHN,2008,42.08
China,CHN,2009,42.59
China,CHN,2010,42.86
China,CHN,2011,43.46
China,CHN,2012,43.73
China,CHN,2013,44.03
China,CHN,2014,43.34
China,CHN,2015,43.22
China,CHN,2016,43.22
China,CHN,2017,43.22
China,CHN,2018,43.22
China,CHN,2019,43.22
Colombia,COL,2000,1.16
Colombia,COL,2001,1.23
Colombia,COL,2002,1.31
Colombia,COL,2003,1.39
Colombia,COL,2004,1.46
Colombia,COL,2005,1.54
Colombia,COL,2006,1.61
Colombia,COL,2007,1.69
Colombia,COL,2008,1.76
Colombia,COL,2009,2.06
Colombia,COL,2010,2.37
Colombia,COL,2011,2.67
Colombia,COL,2012,2.98
Colombia,COL,2013,3.28
Colombia,COL,2014,3.58
Colombia,COL,2015,3.89
Colombia,COL,2016,4.19
Colombia,COL,2017,4.19
Colombia,COL,2018,4.19
Colombia,COL,2019,4.19
Comoros,COM,2000,0.83
Comoros,COM,2001,0.83
Comoros,COM,2002,0.83
Comoros,COM,2003,0.83
Comoros,COM,2004,0.83
Comoros,COM,2005,0.83
Comoros,COM,2006,0.83
Comoros,COM,2007,0.83
Comoros,COM,2008,0.83
Comoros,COM,2009,0.83
Comoros,COM,2010,0.83
Comoros,COM,2011,0.83
Comoros,COM,2012,0.83
Comoros,COM,2013,0.83
Comoros,COM,2014,0.83
Comoros,COM,2015,0.83
Comoros,COM,2016,0.83
Comoros,COM,2017,0.83
Comoros,COM,2018,0.83
Comoros,COM,2019,0.83
Congo,COG,2000,0.03
Congo,COG,2001,0.03
Congo,COG,2002,0.03
Congo,COG,2003,0.03
Congo,COG,2004,0.03
Congo,COG,2005,0.03
Congo,COG,2006,0.03
Congo,COG,2007,0.03
Congo,COG,2008,0.03
Congo,COG,2009,0.03
Congo,COG,2010,0.03
Congo,COG,2011,0.03
Congo,COG,2012,0.03
Congo,COG,2013,0.03
Congo,COG,2014,0.03
Congo,COG,2015,0.03
Congo,COG,2016,0.03
Congo,COG,2017,0.03
Congo,COG,2018,0.03
Congo,COG,2019,0.03
Costa Rica,CRI,2012,3.99
Costa Rica,CRI,2013,4.21
Costa Rica,CRI,2014,4.68
Costa Rica,CRI,2015,5.45
Costa Rica,CRI,2016,4.99
Costa Rica,CRI,2017,4.83
Costa Rica,CRI,2018,5.21
Costa Rica,CRI,2019,5.21
Cote d'Ivoire,CIV,2000,6.17
Cote d'Ivoire,CIV,2001,6.29
Cote d'Ivoire,CIV,2002,6.41
Cote d'Ivoire,CIV,2003,6.54
Cote d'Ivoire,CIV,2004,6.66
Cote d'Ivoire,CIV,2005,6.78
Cote d'Ivoire,CIV,2006,6.59
Cote d'Ivoire,CIV,2007,6.4
Cote d'Ivoire,CIV,2008,6.21
Cote d'Ivoire,CIV,2009,6.02
Cote d'Ivoire,CIV,2010,5.84
Cote d'Ivoire,CIV,2011,5.65
Cote d'Ivoire,CIV,2012,5.46
Cote d'Ivoire,CIV,2013,5.28
Cote d'Ivoire,CIV,2014,5.09
Cote d'Ivoire,CIV,2015,5.09
Cote d'Ivoire,CIV,2016,5.09
Cote d'Ivoire,CIV,2017,5.09
Cote d'Ivoire,CIV,2018,5.09
Cote d'Ivoire,CIV,2019,5.09
Croatia,HRV,2002,1.28
Croatia,HRV,2003,1.36
Croatia,HRV,2004,1.35
Croatia,HRV,2005,1.37
Croatia,HRV,2006,1.41
Croatia,HRV,2007,1.45
Croatia,HRV,2008,1.47
Croatia,HRV,2009,1.53
Croatia,HRV,2010,1.5
Croatia,HRV,2011,1.49
Croatia,HRV,2012,1.47
Croatia,HRV,2013,1.57
Croatia,HRV,2014,1.54
Croatia,HRV,2015,1.52
Croatia,HRV,2016,1.48
Croatia,HRV,2017,1.5
Croatia,HRV,2018,1.5
Croatia,HRV,2019,1.49
Cuba,CUB,2000,18.02
Cuba,CUB,2001,18.03
Cuba,CUB,2002,18.05
Cuba,CUB,2003,18.07
Cuba,CUB,2004,18.08
Cuba,CUB,2005,18.1
Cuba,CUB,2006,18.12
Cuba,CUB,2007,16.98
Cuba,CUB,2008,19.74
Cuba,CUB,2009,20.84
Cuba,CUB,2010,20.71
Cuba,CUB,2011,21.79
Cuba,CUB,2012,22.86
Cuba,CUB,2013,23.94
Cuba,CUB,2014,23.94
Cuba,CUB,2015,23.94
Cuba,CUB,2016,23.94
Cuba,CUB,2017,23.94
Cuba,CUB,2018,23.94
Cuba,CUB,2019,23.94
Cyprus,CYP,2000,22.01
Cyprus,CYP,2001,20.5
Cyprus,CYP,2002,23.33
Cyprus,CYP,2003,23.15
Cyprus,CYP,2004,22.97
Cyprus,CYP,2005,22.79
Cyprus,CYP,2006,22.61
Cyprus,CYP,2007,22.43
Cyprus,CYP,2008,21.94
Cyprus,CYP,2009,25.19
Cyprus,CYP,2010,27.46
Cyprus,CYP,2011,30.18
Cyprus,CYP,2012,34.9
Cyprus,CYP,2013,28.27
Cyprus,CYP,2014,29.66
Cyprus,CYP,2015,31.71
Cyprus,CYP,2016,29.8
Cyprus,CYP,2017,29.52
Cyprus,CYP,2018,28.29
Cyprus,CYP,2019,27.61
Czechia,CZE,2000,32.57
Czechia,CZE,2001,30.79
Czechia,CZE,2002,29.02
Czechia,CZE,2003,29.2
Czechia,CZE,2004,29.39
Czechia,CZE,2005,29.58
Czechia,CZE,2006,29.76
Czechia,CZE,2007,29.95
Czechia,CZE,2008,30.23
Czechia,CZE,2009,29.61
Czechia,CZE,2010,29.67
Czechia,CZE,2011,28.7
Czechia,CZE,2012,27.99
Czechia,CZE,2013,25.1
Czechia,CZE,2014,25.09
Czechia,CZE,2015,24.33
Czechia,CZE,2016,24.86
Czechia,CZE,2017,24.79
Czechia,CZE,2018,24.19
Czechia,CZE,2019,29.7
Democratic Republic of Congo,COD,2000,0.19
Democratic Republic of Congo,COD,2001,0.2
Democratic Republic of Congo,COD,2002,0.21
Democratic Republic of Congo,COD,2003,0.21
Democratic Republic of Congo,COD,2004,0.22
Democratic Republic of Congo,COD,2005,0.23
Democratic Republic of Congo,COD,2006,0.23
Democratic Republic of Congo,COD,2007,0.23
Democratic Republic of Congo,COD,2008,0.23
Democratic Republic of Congo,COD,2009,0.23
Democratic Republic of Congo,COD,2010,0.23
Democratic Republic of Congo,COD,2011,0.23
Democratic Republic of Congo,COD,2012,0.23
Democratic Republic of Congo,COD,2013,0.23
Democratic Republic of Congo,COD,2014,0.23
Democratic Republic of Congo,COD,2015,0.23
Democratic Republic of Congo,COD,2016,0.23
Democratic Republic of Congo,COD,2017,0.23
Democratic Republic of Congo,COD,2018,0.23
Democratic Republic of Congo,COD,2019,0.23
Denmark,DNK,2000,20.53
Denmark,DNK,2001,19.1
Denmark,DNK,2002,17.67
Denmark,DNK,2003,17.45
Denmark,DNK,2004,17.23
Denmark,DNK,2005,17.01
Denmark,DNK,2006,16.02
Denmark,DNK,2007,15.02
Denmark,DNK,2008,18.82
Denmark,DNK,2009,17.84
Denmark,DNK,2010,21.87
Denmark,DNK,2011,23.41
Denmark,DNK,2012,19.7
Denmark,DNK,2013,27.29
Denmark,DNK,2014,26.75
Denmark,DNK,2015,21.95
Denmark,DNK,2016,23.99
Denmark,DNK,2017,24.22
Denmark,DNK,2018,29.73
Denmark,DNK,2019,24.94
Djibouti,DJI,2000,6.33
Djibouti,DJI,2001,6.33
Djibouti,DJI,2002,6.33
Djibouti,DJI,2003,6.33
Djibouti,DJI,2004,6.33
Djibouti,DJI,2005,6.33
Djibouti,DJI,2006,6.33
Djibouti,DJI,2007,6.33
Djibouti,DJI,2008,6.33
Djibouti,DJI,2009,6.33
Djibouti,DJI,2010,6.33
Djibouti,DJI,2011,6.33
Djibouti,DJI,2012,6.33
Djibouti,DJI,2013,6.33
Djibouti,DJI,2014,6.33
Djibouti,DJI,2015,6.33
Djibouti,DJI,2016,6.33
Djibouti,DJI,2017,6.33
Djibouti,DJI,2018,6.33
Djibouti,DJI,2019,6.33
Dominica,DMA,2000,8.3
Dominica,DMA,2001,8.3
Dominica,DMA,2002,8.3
Dominica,DMA,2003,8.3
Dominica,DMA,2004,8.3
Dominica,DMA,2005,8.58
Dominica,DMA,2006,8.87
Dominica,DMA,2007,9.15
Dominica,DMA,2008,9.43
Dominica,DMA,2009,9.72
Dominica,DMA,2010,10
Dominica,DMA,2011,10
Dominica,DMA,2012,10
Dominica,DMA,2013,10
Dominica,DMA,2014,10
Dominica,DMA,2015,10
Dominica,DMA,2016,10
Dominica,DMA,2017,10
Dominica,DMA,2018,10
Dominica,DMA,2019,10
Dominican Republic,DOM,2000,26.96
Dominican Republic,DOM,2001,27.61
Dominican Republic,DOM,2002,28.26
Dominican Republic,DOM,2003,28.91
Dominican Republic,DOM,2004,29.56
Dominican Republic,DOM,2005,30.21
Dominican Republic,DOM,2006,32.08
Dominican Republic,DOM,2007,33.95
Dominican Republic,DOM,2008,35.82
Dominican Republic,DOM,2009,37.68
Dominican Republic,DOM,2010,39.55
Dominican Republic,DOM,2011,39.55
Dominican Republic,DOM,2012,39.55
Dominican Republic,DOM,2013,39.55
Dominican Republic,DOM,2014,39.55
Dominican Republic,DOM,2015,39.55
Dominican Republic,DOM,2016,39.55
Dominican Republic,DOM,2017,39.55
Dominican Republic,DOM,2018,39.55
Dominican Republic,DOM,2019,39.55
Eastern and South-Eastern Asia (UN),,2015,30.83
Eastern and South-Eastern Asia (UN),,2016,31.02
Eastern and South-Eastern Asia (UN),,2017,31.13
Eastern and South-Eastern Asia (UN),,2018,31.13
Eastern and South-Eastern Asia (UN),,2019,30.97
Ecuador,ECU,2000,6.41
Ecuador,ECU,2001,6.48
Ecuador,ECU,2002,6.56
Ecuador,ECU,2003,6.63
Ecuador,ECU,2004,6.71
Ecuador,ECU,2005,6.78
Ecuador,ECU,2006,6.78
Ecuador,ECU,2007,6.78
Ecuador,ECU,2008,6.78
Ecuador,ECU,2009,6.78
Ecuador,ECU,2010,6.78
Ecuador,ECU,2011,6.78
Ecuador,ECU,2012,6.78
Ecuador,ECU,2013,6.78
Ecuador,ECU,2014,6.78
Ecuador,ECU,2015,6.78
Ecuador,ECU,2016,6.78
Ecuador,ECU,2017,6.78
Ecuador,ECU,2018,6.78
Ecuador,ECU,2019,6.78
Egypt,EGY,2000,103.88
Egypt,EGY,2001,106.93
Egypt,EGY,2002,109.99
Egypt,EGY,2003,113.04
Egypt,EGY,2004,116.1
Egypt,EGY,2005,119.15
Egypt,EGY,2006,122.21
Egypt,EGY,2007,125.26
Egypt,EGY,2008,128.32
Egypt,EGY,2009,131.37
Egypt,EGY,2010,134.43
Egypt,EGY,2011,130.51
Egypt,EGY,2012,131.69
Egypt,EGY,2013,132.97
Egypt,EGY,2014,110.56
Egypt,EGY,2015,110.93
Egypt,EGY,2016,110.47
Egypt,EGY,2017,141.17
Egypt,EGY,2018,141.17
Egypt,EGY,2019,141.17
El Salvador,SLV,2000,8.58
El Salvador,SLV,2001,9.51
El Salvador,SLV,2002,10.43
El Salvador,SLV,2003,11.36
El Salvador,SLV,2004,12.29
El Salvador,SLV,2005,13.21
El Salvador,SLV,2006,12
El Salvador,SLV,2007,10.79
El Salvador,SLV,2008,9.58
El Salvador,SLV,2009,8.37
El Salvador,SLV,2010,7.16
El Salvador,SLV,2011,5.94
El Salvador,SLV,2012,4.73
El Salvador,SLV,2013,3.52
El Salvador,SLV,2014,2.31
El Salvador,SLV,2015,2.36
El Salvador,SLV,2016,2.35
El Salvador,SLV,2017,2.42
El Salvador,SLV,2018,2.41
El Salvador,SLV,2019,2.43
Equatorial Guinea,GNQ,2000,0.16
Equatorial Guinea,GNQ,2001,0.17
Equatorial Guinea,GNQ,2002,0.17
Equatorial Guinea,GNQ,2003,0.17
Equatorial Guinea,GNQ,2004,0.18
Equatorial Guinea,GNQ,2005,0.18
Equatorial Guinea,GNQ,2006,0.18
Equatorial Guinea,GNQ,2007,0.18
Equatorial Guinea,GNQ,2008,0.18
Equatorial Guinea,GNQ,2009,0.18
Equatorial Guinea,GNQ,2010,0.18
Equatorial Guinea,GNQ,2011,0.18
Equatorial Guinea,GNQ,2012,0.18
Equatorial Guinea,GNQ,2013,0.18
Equatorial Guinea,GNQ,2014,0.18
Equatorial Guinea,GNQ,2015,0.18
Equatorial Guinea,GNQ,2016,0.18
Equatorial Guinea,GNQ,2017,0.18
Equatorial Guinea,GNQ,2018,0.18
Equatorial Guinea,GNQ,2019,0.18
Eritrea,ERI,2000,7.94
Eritrea,ERI,2001,8.75
Eritrea,ERI,2002,9.56
Eritrea,ERI,2003,10.37
Eritrea,ERI,2004,11.18
Eritrea,ERI,2005,11.18
Eritrea,ERI,2006,11.18
Eritrea,ERI,2007,11.18
Eritrea,ERI,2008,11.18
Eritrea,ERI,2009,11.18
Eritrea,ERI,2010,11.18
Eritrea,ERI,2011,11.18
Eritrea,ERI,2012,11.18
Eritrea,ERI,2013,11.18
Eritrea,ERI,2014,11.18
Eritrea,ERI,2015,11.18
Eritrea,ERI,2016,11.18
Eritrea,ERI,2017,11.18
Eritrea,ERI,2018,11.18
Eritrea,ERI,2019,11.18
Estonia,EST,2000,15.13
Estonia,EST,2001,15.21
Estonia,EST,2002,15.3
Estonia,EST,2003,16.21
Estonia,EST,2004,17.12
Estonia,EST,2005,18.03
Estonia,EST,2006,18.94
Estonia,EST,2007,19.85
Estonia,EST,2008,17.36
Estonia,EST,2009,14.91
Estonia,EST,2010,19.94
Estonia,EST,2011,20.28
Estonia,EST,2012,17.65
Estonia,EST,2013,18.92
Estonia,EST,2014,18.61
Estonia,EST,2015,17.48
Estonia,EST,2016,18.95
Estonia,EST,2017,19.32
Estonia,EST,2018,17.41
Estonia,EST,2019,10.89
Eswatini,SWZ,2000,75.67
Eswatini,SWZ,2001,76.05
Eswatini,SWZ,2002,76.43
Eswatini,SWZ,2003,76.8
Eswatini,SWZ,2004,77.18
Eswatini,SWZ,2005,77.56
Eswatini,SWZ,2006,77.56
Eswatini,SWZ,2007,77.56
Eswatini,SWZ,2008,77.56
Eswatini,SWZ,2009,77.56
Eswatini,SWZ,2010,77.56
Eswatini,SWZ,2011,77.56
Eswatini,SWZ,2012,77.56
Eswatini,SWZ,2013,77.56
Eswatini,SWZ,2014,77.56
Eswatini,SWZ,2015,77.56
Eswatini,SWZ,2016,77.56
Eswatini,SWZ,2017,77.56
Eswatini,SWZ,2018,77.56
Eswatini,SWZ,2019,77.56
Ethiopia,ETH,2002,17
Ethiopia,ETH,2003,19.34
Ethiopia,ETH,2004,21.69
Ethiopia,ETH,2005,24.04
Ethiopia,ETH,2006,24.79
Ethiopia,ETH,2007,25.54
Ethiopia,ETH,2008,26.28
Ethiopia,ETH,2009,27.03
Ethiopia,ETH,2010,27.78
Ethiopia,ETH,2011,28.52
Ethiopia,ETH,2012,29.27
Ethiopia,ETH,2013,30.02
Ethiopia,ETH,2014,30.76
Ethiopia,ETH,2015,31.51
Ethiopia,ETH,2016,32.26
Ethiopia,ETH,2017,32.26
Ethiopia,ETH,2018,32.26
Ethiopia,ETH,2019,32.26
Europe (UN),,2015,8.37
Europe (UN),,2016,8.38
Europe (UN),,2017,8.37
Europe (UN),,2018,8.49
Europe (UN),,2019,8.46
Europe and Northern America (UN),,2015,12.29
Europe and Northern America (UN),,2016,12.3
Europe and Northern America (UN),,2017,12.3
Europe and Northern America (UN),,2018,12.49
Europe and Northern America (UN),,2019,12.47
Fiji,FJI,2000,0.29
Fiji,FJI,2001,0.29
Fiji,FJI,2002,0.29
Fiji,FJI,2003,0.29
Fiji,FJI,2004,0.3
Fiji,FJI,2005,0.3
Fiji,FJI,2006,0.3
Fiji,FJI,2007,0.3
Fiji,FJI,2008,0.3
Fiji,FJI,2009,0.3
Fiji,FJI,2010,0.3
Fiji,FJI,2011,0.3
Fiji,FJI,2012,0.3
Fiji,FJI,2013,0.3
Fiji,FJI,2014,0.3
Fiji,FJI,2015,0.3
Fiji,FJI,2016,0.3
Fiji,FJI,2017,0.3
Fiji,FJI,2018,0.3
Fiji,FJI,2019,0.3
Finland,FIN,2000,6.96
Finland,FIN,2001,8.4
Finland,FIN,2002,9.84
Finland,FIN,2003,11.27
Finland,FIN,2004,12.7
Finland,FIN,2005,14.13
Finland,FIN,2006,15.56
Finland,FIN,2007,14.55
Finland,FIN,2008,13.54
Finland,FIN,2009,12.53
Finland,FIN,2010,11.52
Finland,FIN,2011,10.51
Finland,FIN,2012,9.5
Finland,FIN,2013,8.49
Finland,FIN,2014,7.48
Finland,FIN,2015,6.46
Finland,FIN,2016,5.45
Finland,FIN,2017,5.45
Finland,FIN,2018,6.64
Finland,FIN,2019,7.11
France,FRA,2000,28.63
France,FRA,2001,28.47
France,FRA,2002,28.32
France,FRA,2003,28.64
France,FRA,2004,28.96
France,FRA,2005,29.28
France,FRA,2006,28.21
France,FRA,2007,27.13
France,FRA,2008,25.09
France,FRA,2009,24.92
France,FRA,2010,25.02
France,FRA,2011,26.39
France,FRA,2012,24.57
France,FRA,2013,23.77
France,FRA,2014,23.9
France,FRA,2015,24.61
France,FRA,2016,23.14
France,FRA,2017,23.59
France,FRA,2018,23.51
France,FRA,2019,23.51
Gabon,GAB,2000,0.43
Gabon,GAB,2001,0.45
Gabon,GAB,2002,0.46
Gabon,GAB,2003,0.48
Gabon,GAB,2004,0.49
Gabon,GAB,2005,0.5
Gabon,GAB,2006,0.5
Gabon,GAB,2007,0.5
Gabon,GAB,2008,0.5
Gabon,GAB,2009,0.5
Gabon,GAB,2010,0.5
Gabon,GAB,2011,0.5
Gabon,GAB,2012,0.5
Gabon,GAB,2013,0.5
Gabon,GAB,2014,0.5
Gabon,GAB,2015,0.5
Gabon,GAB,2016,0.5
Gabon,GAB,2017,0.5
Gabon,GAB,2018,0.5
Gabon,GAB,2019,0.5
Gambia,GMB,2000,1.97
Gambia,GMB,2001,2.02
Gambia,GMB,2002,2.06
Gambia,GMB,2003,2.11
Gambia,GMB,2004,2.16
Gambia,GMB,2005,2.21
Gambia,GMB,2006,2.21
Gambia,GMB,2007,2.21
Gambia,GMB,2008,2.21
Gambia,GMB,2009,2.21
Gambia,GMB,2010,2.21
Gambia,GMB,2011,2.21
Gambia,GMB,2012,2.21
Gambia,GMB,2013,2.21
Gambia,GMB,2014,2.21
Gambia,GMB,2015,2.21
Gambia,GMB,2016,2.21
Gambia,GMB,2017,2.21
Gambia,GMB,2018,2.21
Gambia,GMB,2019,2.21
Georgia,GEO,2000,6.24
Georgia,GEO,2001,6.17
Georgia,GEO,2002,6.11
Georgia,GEO,2003,6.04
Georgia,GEO,2004,5.97
Georgia,GEO,2005,5.91
Georgia,GEO,2006,5.92
Georgia,GEO,2007,5.93
Georgia,GEO,2008,5.94
Georgia,GEO,2009,5.84
Georgia,GEO,2010,5.75
Georgia,GEO,2011,5.65
Georgia,GEO,2012,5.56
Georgia,GEO,2013,5.46
Georgia,GEO,2014,5.36
Georgia,GEO,2015,5.27
Georgia,GEO,2016,5.17
Georgia,GEO,2017,4.48
Georgia,GEO,2018,4.21
Georgia,GEO,2019,5.12
Germany,DEU,2000,61.52
Germany,DEU,2001,60.17
Germany,DEU,2002,58.63
Germany,DEU,2003,57.1
Germany,DEU,2004,55.56
Germany,DEU,2005,51.78
Germany,DEU,2006,47.99
Germany,DEU,2007,44.22
Germany,DEU,2008,44.55
Germany,DEU,2009,44.88
Germany,DEU,2010,45.22
Germany,DEU,2011,41.72
Germany,DEU,2012,38.21
Germany,DEU,2013,34.71
Germany,DEU,2014,34.31
Germany,DEU,2015,33.91
Germany,DEU,2016,33.5
Germany,DEU,2017,33.5
Germany,DEU,2018,33.5
Germany,DEU,2019,33.5
Ghana,GHA,2000,4.28
Ghana,GHA,2001,4.4
Ghana,GHA,2002,4.52
Ghana,GHA,2003,4.64
Ghana,GHA,2004,4.75
Ghana,GHA,2005,4.87
Ghana,GHA,2006,4.99
Ghana,GHA,2007,5.11
Ghana,GHA,2008,5.23
Ghana,GHA,2009,5.34
Ghana,GHA,2010,5.46
Ghana,GHA,2011,5.59
Ghana,GHA,2012,5.73
Ghana,GHA,2013,5.83
Ghana,GHA,2014,5.93
Ghana,GHA,2015,6.27
Ghana,GHA,2016,6.31
Ghana,GHA,2017,6.31
Ghana,GHA,2018,6.31
Ghana,GHA,2019,6.31
Greece,GRC,2000,18.24
Greece,GRC,2001,18.46
Greece,GRC,2002,18.69
Greece,GRC,2003,18.96
Greece,GRC,2004,19.23
Greece,GRC,2005,19.51
Greece,GRC,2006,19.49
Greece,GRC,2007,19.46
Greece,GRC,2008,19.62
Greece,GRC,2009,19.78
Greece,GRC,2010,19.94
Greece,GRC,2011,20.1
Greece,GRC,2012,20.1
Greece,GRC,2013,20.08
Greece,GRC,2014,20.06
Greece,GRC,2015,20.04
Greece,GRC,2016,20.51
Greece,GRC,2017,20.5
Greece,GRC,2018,20.48
Greece,GRC,2019,20.46
Grenada,GRD,2005,5
Grenada,GRD,2006,5.23
Grenada,GRD,2007,5.46
Grenada,GRD,2008,5.68
Grenada,GRD,2009,5.91
Grenada,GRD,2010,6.14
Grenada,GRD,2011,6.37
Grenada,GRD,2012,6.59
Grenada,GRD,2013,6.82
Grenada,GRD,2014,7.05
Grenada,GRD,2015,7.05
Grenada,GRD,2016,7.05
Grenada,GRD,2017,7.05
Grenada,GRD,2018,7.05
Grenada,GRD,2019,7.05
Guatemala,GTM,2001,4.19
Guatemala,GTM,2002,4.5
Guatemala,GTM,2003,4.81
Guatemala,GTM,2004,5.12
Guatemala,GTM,2005,5.43
Guatemala,GTM,2006,5.74
Guatemala,GTM,2007,5.74
Guatemala,GTM,2008,5.74
Guatemala,GTM,2009,5.74
Guatemala,GTM,2010,5.74
Guatemala,GTM,2011,5.74
Guatemala,GTM,2012,5.74
Guatemala,GTM,2013,5.74
Guatemala,GTM,2014,5.74
Guatemala,GTM,2015,5.74
Guatemala,GTM,2016,5.74
Guatemala,GTM,2017,5.74
Guatemala,GTM,2018,5.74
Guatemala,GTM,2019,5.74
Guinea,GIN,2000,0.89
Guinea,GIN,2001,0.86
Guinea,GIN,2002,0.86
Guinea,GIN,2003,0.87
Guinea,GIN,2004,0.88
Guinea,GIN,2005,0.88
Guinea,GIN,2006,0.92
Guinea,GIN,2007,0.96
Guinea,GIN,2008,1
Guinea,GIN,2009,1.03
Guinea,GIN,2010,1.07
Guinea,GIN,2011,1.11
Guinea,GIN,2012,1.14
Guinea,GIN,2013,1.18
Guinea,GIN,2014,1.22
Guinea,GIN,2015,1.26
Guinea,GIN,2016,1.29
Guinea,GIN,2017,1.33
Guinea,GIN,2018,1.37
Guinea,GIN,2019,1.37
Guinea-Bissau,GNB,2000,1.5
Guinea-Bissau,GNB,2001,1.5
Guinea-Bissau,GNB,2002,1.5
Guinea-Bissau,GNB,2003,1.5
Guinea-Bissau,GNB,2004,1.5
Guinea-Bissau,GNB,2005,1.5
Guinea-Bissau,GNB,2006,1.5
Guinea-Bissau,GNB,2007,1.5
Guinea-Bissau,GNB,2008,1.5
Guinea-Bissau,GNB,2009,1.5
Guinea-Bissau,GNB,2010,1.5
Guinea-Bissau,GNB,2011,1.5
Guinea-Bissau,GNB,2012,1.5
Guinea-Bissau,GNB,2013,1.5
Guinea-Bissau,GNB,2014,1.5
Guinea-Bissau,GNB,2015,1.5
Guinea-Bissau,GNB,2016,1.5
Guinea-Bissau,GNB,2017,1.5
Guinea-Bissau,GNB,2018,1.5
Guinea-Bissau,GNB,2019,1.5
Guyana,GUY,2000,3.74
Guyana,GUY,2001,3.71
Guyana,GUY,2002,3.67
Guyana,GUY,2003,3.64
Guyana,GUY,2004,3.6
Guyana,GUY,2005,3.57
Guyana,GUY,2006,3.51
Guyana,GUY,2007,3.46
Guyana,GUY,2008,3.41
Guyana,GUY,2009,3.35
Guyana,GUY,2010,3.3
Guyana,GUY,2011,3.3
Guyana,GUY,2012,3.3
Guyana,GUY,2013,3.3
Guyana,GUY,2014,3.3
Guyana,GUY,2015,3.3
Guyana,GUY,2016,3.3
Guyana,GUY,2017,3.3
Guyana,GUY,2018,3.3
Guyana,GUY,2019,3.3
Haiti,HTI,2000,12.4
Haiti,HTI,2001,12.51
Haiti,HTI,2002,12.62
Haiti,HTI,2003,12.73
Haiti,HTI,2004,12.84
Haiti,HTI,2005,12.95
Haiti,HTI,2006,13.06
Haiti,HTI,2007,13.17
Haiti,HTI,2008,13.27
Haiti,HTI,2009,13.38
Haiti,HTI,2010,13.38
Haiti,HTI,2011,13.38
Haiti,HTI,2012,13.38
Haiti,HTI,2013,13.38
Haiti,HTI,2014,13.38
Haiti,HTI,2015,13.38
Haiti,HTI,2016,13.38
Haiti,HTI,2017,13.38
Haiti,HTI,2018,13.38
Haiti,HTI,2019,13.38
Honduras,HND,2003,4.62
Honduras,HND,2004,4.62
Honduras,HND,2005,4.62
Honduras,HND,2006,4.62
Honduras,HND,2007,4.62
Honduras,HND,2008,4.62
Honduras,HND,2009,4.62
Honduras,HND,2010,4.62
Honduras,HND,2011,4.62
Honduras,HND,2012,4.62
Honduras,HND,2013,4.62
Honduras,HND,2014,4.62
Honduras,HND,2015,4.62
Honduras,HND,2016,4.62
Honduras,HND,2017,4.62
Honduras,HND,2018,4.62
Honduras,HND,2019,4.62
Hungary,HUN,2000,10.09
Hungary,HUN,2001,10.02
Hungary,HUN,2002,9.95
Hungary,HUN,2003,9.85
Hungary,HUN,2004,9.76
Hungary,HUN,2005,9.66
Hungary,HUN,2006,9.57
Hungary,HUN,2007,9.48
Hungary,HUN,2008,9.38
Hungary,HUN,2009,10.95
Hungary,HUN,2010,9.27
Hungary,HUN,2011,9.02
Hungary,HUN,2012,8.72
Hungary,HUN,2013,9.07
Hungary,HUN,2014,6.78
Hungary,HUN,2015,6.96
Hungary,HUN,2016,6.84
Hungary,HUN,2017,8.18
Hungary,HUN,2018,8.49
Hungary,HUN,2019,7.71
Iceland,ISL,2000,0.22
Iceland,ISL,2001,0.22
Iceland,ISL,2002,0.22
Iceland,ISL,2003,0.22
Iceland,ISL,2004,0.22
Iceland,ISL,2005,0.25
Iceland,ISL,2006,0.27
Iceland,ISL,2007,0.29
Iceland,ISL,2008,0.31
Iceland,ISL,2009,0.34
Iceland,ISL,2010,0.36
Iceland,ISL,2011,0.38
Iceland,ISL,2012,0.4
Iceland,ISL,2013,0.4
Iceland,ISL,2014,0.37
Iceland,ISL,2015,0.38
Iceland,ISL,2016,0.35
Iceland,ISL,2017,0.39
Iceland,ISL,2018,0.39
Iceland,ISL,2019,0.39
India,IND,2000,62.68
India,IND,2001,64.23
India,IND,2002,65.78
India,IND,2003,67.32
India,IND,2004,64.21
India,IND,2005,64.59
India,IND,2006,64.97
India,IND,2007,65.35
India,IND,2008,65.73
India,IND,2009,66.11
India,IND,2010,66.49
India,IND,2011,66.49
India,IND,2012,66.49
India,IND,2013,66.49
India,IND,2014,66.49
India,IND,2015,66.49
India,IND,2016,66.49
India,IND,2017,66.49
India,IND,2018,66.49
India,IND,2019,66.49
Indonesia,IDN,2000,15.11
Indonesia,IDN,2001,16.02
Indonesia,IDN,2002,16.93
Indonesia,IDN,2003,17.84
Indonesia,IDN,2004,18.76
Indonesia,IDN,2005,19.67
Indonesia,IDN,2006,20.58
Indonesia,IDN,2007,21.49
Indonesia,IDN,2008,22.4
Indonesia,IDN,2009,23.31
Indonesia,IDN,2010,24.23
Indonesia,IDN,2011,25.14
Indonesia,IDN,2012,26.05
Indonesia,IDN,2013,26.96
Indonesia,IDN,2014,27.87
Indonesia,IDN,2015,28.78
Indonesia,IDN,2016,29.7
Indonesia,IDN,2017,29.7
Indonesia,IDN,2018,29.7
Indonesia,IDN,2019,29.7
Iran,IRN,2000,77.39
Iran,IRN,2001,78.4
Iran,IRN,2002,79.41
Iran,IRN,2003,80.41
Iran,IRN,2004,81.29
Iran,IRN,2005,81.29
Iran,IRN,2006,81.29
Iran,IRN,2007,81.29
Iran,IRN,2008,81.29
Iran,IRN,2009,81.29
Iran,IRN,2010,81.29
Iran,IRN,2011,81.29
Iran,IRN,2012,81.29
Iran,IRN,2013,81.29
Iran,IRN,2014,81.29
Iran,IRN,2015,81.29
Iran,IRN,2016,81.29
Iran,IRN,2017,81.29
Iran,IRN,2018,81.29
Iran,IRN,2019,81.29
Iraq,IRQ,2000,92.69
Iraq,IRQ,2001,90.08
Iraq,IRQ,2002,87.47
Iraq,IRQ,2003,84.86
Iraq,IRQ,2004,82.25
Iraq,IRQ,2005,79.64
Iraq,IRQ,2006,77.03
Iraq,IRQ,2007,74.42
Iraq,IRQ,2008,71.82
Iraq,IRQ,2009,69.21
Iraq,IRQ,2010,66.6
Iraq,IRQ,2011,63.99
Iraq,IRQ,2012,61.37
Iraq,IRQ,2013,58.76
Iraq,IRQ,2014,56.16
Iraq,IRQ,2015,49.02
Iraq,IRQ,2016,54.09
Iraq,IRQ,2017,60.48
Iraq,IRQ,2018,47.14
Iraq,IRQ,2019,79.51
Ireland,IRL,2000,4.67
Ireland,IRL,2001,4.5
Ireland,IRL,2002,4.34
Ireland,IRL,2003,4.17
Ireland,IRL,2004,4.01
Ireland,IRL,2005,3.85
Ireland,IRL,2006,3.68
Ireland,IRL,2007,3.51
Ireland,IRL,2008,3.58
Ireland,IRL,2009,3.64
Ireland,IRL,2010,4
Ireland,IRL,2011,4.36
Ireland,IRL,2012,4.72
Ireland,IRL,2013,5.08
Ireland,IRL,2014,5.43
Ireland,IRL,2015,5.79
Ireland,IRL,2016,6.15
Ireland,IRL,2017,6.51
Ireland,IRL,2018,20.04
Ireland,IRL,2019,20.04
Israel,ISR,2000,139.19
Israel,ISR,2001,136.18
Israel,ISR,2002,133.16
Israel,ISR,2003,148.39
Israel,ISR,2004,122.42
Israel,ISR,2005,121.29
Israel,ISR,2006,120.15
Israel,ISR,2007,119.01
Israel,ISR,2008,117.88
Israel,ISR,2009,116.74
Israel,ISR,2010,115.61
Israel,ISR,2011,112.26
Israel,ISR,2012,108.91
Israel,ISR,2013,105.51
Israel,ISR,2014,102.15
Israel,ISR,2015,98.87
Israel,ISR,2016,103.44
Israel,ISR,2017,103.61
Israel,ISR,2018,95.94
Israel,ISR,2019,100.42
Italy,ITA,2000,39.7
Italy,ITA,2001,38.24
Italy,ITA,2002,36.77
Italy,ITA,2003,35.31
Italy,ITA,2004,33.85
Italy,ITA,2005,32.35
Italy,ITA,2006,30.91
Italy,ITA,2007,29.48
Italy,ITA,2008,47.24
Italy,ITA,2009,29.65
Italy,ITA,2010,29.75
Italy,ITA,2011,29.85
Italy,ITA,2012,29.94
Italy,ITA,2013,30.01
Italy,ITA,2014,30
Italy,ITA,2015,30
Italy,ITA,2016,30
Italy,ITA,2017,30
Italy,ITA,2018,30
Italy,ITA,2019,30
Jamaica,JAM,2000,10.49
Jamaica,JAM,2001,10.76
Jamaica,JAM,2002,11.03
Jamaica,JAM,2003,11.31
Jamaica,JAM,2004,11.58
Jamaica,JAM,2005,11.86
Jamaica,JAM,2006,12.13
Jamaica,JAM,2007,12.4
Jamaica,JAM,2008,12.68
Jamaica,JAM,2009,12.95
Jamaica,JAM,2010,13.23
Jamaica,JAM,2011,13.5
Jamaica,JAM,2012,13.77
Jamaica,JAM,2013,14.05
Jamaica,JAM,2014,14.32
Jamaica,JAM,2015,7.67
Jamaica,JAM,2016,12.47
Jamaica,JAM,2017,12.47
Jamaica,JAM,2018,12.47
Jamaica,JAM,2019,12.47
Japan,JPN,2000,41.56
Japan,JPN,2001,40.2
Japan,JPN,2002,38.83
Japan,JPN,2003,38.67
Japan,JPN,2004,38.51
Japan,JPN,2005,38.36
Japan,JPN,2006,38.2
Japan,JPN,2007,38.05
Japan,JPN,2008,37.69
Japan,JPN,2009,37.34
Japan,JPN,2010,37.24
Japan,JPN,2011,37.14
Japan,JPN,2012,37.04
Japan,JPN,2013,36.94
Japan,JPN,2014,36.84
Japan,JPN,2015,36.74
Japan,JPN,2016,36.64
Japan,JPN,2017,36.46
Japan,JPN,2018,36.37
Japan,JPN,2019,36.37
Jordan,JOR,2000,82.57
Jordan,JOR,2001,77.32
Jordan,JOR,2002,81.81
Jordan,JOR,2003,82.31
Jordan,JOR,2004,88.91
Jordan,JOR,2005,95.94
Jordan,JOR,2006,101.56
Jordan,JOR,2007,103.22
Jordan,JOR,2008,102.78
Jordan,JOR,2009,95.58
Jordan,JOR,2010,98.9
Jordan,JOR,2011,88.16
Jordan,JOR,2012,94.03
Jordan,JOR,2013,99.79
Jordan,JOR,2014,107.41
Jordan,JOR,2015,96.16
Jordan,JOR,2016,100.08
Jordan,JOR,2017,100.44
Jordan,JOR,2018,102.23
Jordan,JOR,2019,104.31
Kazakhstan,KAZ,2000,29.13
Kazakhstan,KAZ,2001,28.89
Kazakhstan,KAZ,2002,30.87
Kazakhstan,KAZ,2003,31.84
Kazakhstan,KAZ,2004,32.79
Kazakhstan,KAZ,2005,34.4
Kazakhstan,KAZ,2006,29.46
Kazakhstan,KAZ,2007,31.64
Kazakhstan,KAZ,2008,28.39
Kazakhstan,KAZ,2009,29.88
Kazakhstan,KAZ,2010,33.02
Kazakhstan,KAZ,2011,30.44
Kazakhstan,KAZ,2012,29.67
Kazakhstan,KAZ,2013,31.25
Kazakhstan,KAZ,2014,32.01
Kazakhstan,KAZ,2015,30.04
Kazakhstan,KAZ,2016,30
Kazakhstan,KAZ,2017,31.14
Kazakhstan,KAZ,2018,32.65
Kazakhstan,KAZ,2019,32.65
Kenya,KEN,2000,12.86
Kenya,KEN,2001,14.95
Kenya,KEN,2002,17.04
Kenya,KEN,2003,19.13
Kenya,KEN,2004,20.18
Kenya,KEN,2005,21.24
Kenya,KEN,2006,22.3
Kenya,KEN,2007,23.36
Kenya,KEN,2008,24.41
Kenya,KEN,2009,25.47
Kenya,KEN,2010,26.53
Kenya,KEN,2011,26.53
Kenya,KEN,2012,26.54
Kenya,KEN,2013,26.54
Kenya,KEN,2014,26.54
Kenya,KEN,2015,26.55
Kenya,KEN,2016,33.24
Kenya,KEN,2017,33.24
Kenya,KEN,2018,33.24
Kenya,KEN,2019,33.24
Kuwait,KWT,2000,1911.85
Kuwait,KWT,2001,1993.42
Kuwait,KWT,2002,2075
Kuwait,KWT,2003,2176.85
Kuwait,KWT,2004,2278.69
Kuwait,KWT,2005,2380.54
Kuwait,KWT,2006,2482.38
Kuwait,KWT,2007,2584.23
Kuwait,KWT,2008,2686.08
Kuwait,KWT,2009,2787.92
Kuwait,KWT,2010,2889.77
Kuwait,KWT,2011,2991.62
Kuwait,KWT,2012,3093.46
Kuwait,KWT,2013,3195.31
Kuwait,KWT,2014,3297.15
Kuwait,KWT,2015,3399
Kuwait,KWT,2016,3575
Kuwait,KWT,2017,3850.5
Kuwait,KWT,2018,3850.5
Kuwait,KWT,2019,3850.5
Kyrgyzstan,KGZ,2000,65.45
Kyrgyzstan,KGZ,2001,62.88
Kyrgyzstan,KGZ,2002,60.31
Kyrgyzstan,KGZ,2003,57.74
Kyrgyzstan,KGZ,2004,55.17
Kyrgyzstan,KGZ,2005,52.61
Kyrgyzstan,KGZ,2006,50.04
Kyrgyzstan,KGZ,2007,50.04
Kyrgyzstan,KGZ,2008,50.04
Kyrgyzstan,KGZ,2009,50.04
Kyrgyzstan,KGZ,2010,50.04
Kyrgyzstan,KGZ,2011,50.04
Kyrgyzstan,KGZ,2012,50.04
Kyrgyzstan,KGZ,2013,50.04
Kyrgyzstan,KGZ,2014,50.04
Kyrgyzstan,KGZ,2015,50.04
Kyrgyzstan,KGZ,2016,50.04
Kyrgyzstan,KGZ,2017,50.04
Kyrgyzstan,KGZ,2018,50.04
Kyrgyzstan,KGZ,2019,50.04
Laos,LAO,2005,2.28
Laos,LAO,2006,2.57
Laos,LAO,2007,2.87
Laos,LAO,2008,3.16
Laos,LAO,2009,3.46
Laos,LAO,2010,3.75
Laos,LAO,2011,4.05
Laos,LAO,2012,4.34
Laos,LAO,2013,4.64
Laos,LAO,2014,4.93
Laos,LAO,2015,5.12
Laos,LAO,2016,4.99
Laos,LAO,2017,4.77
Laos,LAO,2018,4.77
Laos,LAO,2019,4.79
Latin America and the Caribbean (UN),,2015,6.55
Latin America and the Caribbean (UN),,2016,6.68
Latin America and the Caribbean (UN),,2017,6.73
Latin America and the Caribbean (UN),,2018,6.68
Latin America and the Caribbean (UN),,2019,6.82
Latvia,LVA,2000,1.71
Latvia,LVA,2001,1.58
Latvia,LVA,2002,1.44
Latvia,LVA,2003,1.4
Latvia,LVA,2004,1.35
Latvia,LVA,2005,1.31
Latvia,LVA,2006,1.26
Latvia,LVA,2007,1.22
Latvia,LVA,2008,1.35
Latvia,LVA,2009,2.33
Latvia,LVA,2010,1.62
Latvia,LVA,2011,2.18
Latvia,LVA,2012,1.46
Latvia,LVA,2013,1.39
Latvia,LVA,2014,0.99
Latvia,LVA,2015,1.04
Latvia,LVA,2016,1.1
Latvia,LVA,2017,1.07
Latvia,LVA,2018,1.08
Latvia,LVA,2019,1.05
Least Developed Countries (LDCs),,2015,6.99
Least Developed Countries (LDCs),,2016,6.99
Least Developed Countries (LDCs),,2017,6.97
Least Developed Countries (LDCs),,2018,7.01
Least Developed Countries (LDCs),,2019,7.01
Lebanon,LBN,2000,41.08
Lebanon,LBN,2001,40.28
Lebanon,LBN,2002,39.48
Lebanon,LBN,2003,38.68
Lebanon,LBN,2004,37.88
Lebanon,LBN,2005,35.56
Lebanon,LBN,2006,37.88
Lebanon,LBN,2007,40.21
Lebanon,LBN,2008,42.53
Lebanon,LBN,2009,44.85
Lebanon,LBN,2010,47.18
Lebanon,LBN,2011,49.5
Lebanon,LBN,2012,51.82
Lebanon,LBN,2013,54.15
Lebanon,LBN,2014,56.47
Lebanon,LBN,2015,58.79
Lebanon,LBN,2016,58.79
Lebanon,LBN,2017,58.79
Lebanon,LBN,2018,58.79
Lebanon,LBN,2019,58.79
Lesotho,LSO,2000,2.57
Lesotho,LSO,2001,2.57
Lesotho,LSO,2002,2.57
Lesotho,LSO,2003,2.57
Lesotho,LSO,2004,2.57
Lesotho,LSO,2005,2.57
Lesotho,LSO,2006,2.57
Lesotho,LSO,2007,2.57
Lesotho,LSO,2008,2.57
Lesotho,LSO,2009,2.57
Lesotho,LSO,2010,2.57
Lesotho,LSO,2011,2.57
Lesotho,LSO,2012,2.57
Lesotho,LSO,2013,2.57
Lesotho,LSO,2014,2.57
Lesotho,LSO,2015,2.57
Lesotho,LSO,2016,2.57
Lesotho,LSO,2017,2.57
Lesotho,LSO,2018,2.57
Lesotho,LSO,2019,2.57
Liberia,LBR,2000,0.24
Liberia,LBR,2001,0.24
Liberia,LBR,2002,0.25
Liberia,LBR,2003,0.25
Liberia,LBR,2004,0.26
Liberia,LBR,2005,0.26
Liberia,LBR,2006,0.26
Liberia,LBR,2007,0.26
Liberia,LBR,2008,0.26
Liberia,LBR,2009,0.26
Liberia,LBR,2010,0.26
Liberia,LBR,2011,0.26
Liberia,LBR,2012,0.26
Liberia,LBR,2013,0.26
Liberia,LBR,2014,0.26
Liberia,LBR,2015,0.26
Liberia,LBR,2016,0.26
Liberia,LBR,2017,0.26
Liberia,LBR,2018,0.26
Liberia,LBR,2019,0.26
Libya,LBY,2000,615.43
Libya,LBY,2001,631.96
Libya,LBY,2002,648.49
Libya,LBY,2003,665.01
Libya,LBY,2004,681.54
Libya,LBY,2005,698.07
Libya,LBY,2006,715.08
Libya,LBY,2007,732.09
Libya,LBY,2008,749.1
Libya,LBY,2009,766.11
Libya,LBY,2010,783.12
Libya,LBY,2011,800.13
Libya,LBY,2012,817.14
Libya,LBY,2013,817.14
Libya,LBY,2014,817.14
Libya,LBY,2015,817.14
Libya,LBY,2016,817.14
Libya,LBY,2017,817.14
Libya,LBY,2018,817.14
Libya,LBY,2019,817.14
Lithuania,LTU,2000,21.85
Lithuania,LTU,2001,19.96
Lithuania,LTU,2002,19.22
Lithuania,LTU,2003,18.49
Lithuania,LTU,2004,17.75
Lithuania,LTU,2005,17.02
Lithuania,LTU,2006,16.67
Lithuania,LTU,2007,16.32
Lithuania,LTU,2008,13.37
Lithuania,LTU,2009,10.42
Lithuania,LTU,2010,7.47
Lithuania,LTU,2011,4.52
Lithuania,LTU,2012,3.87
Lithuania,LTU,2013,3.22
Lithuania,LTU,2014,2.58
Lithuania,LTU,2015,2.75
Lithuania,LTU,2016,2.22
Lithuania,LTU,2017,1.87
Lithuania,LTU,2018,1.83
Lithuania,LTU,2019,1.83
Luxembourg,LUX,2000,4.93
Luxembourg,LUX,2001,4.81
Luxembourg,LUX,2002,4.7
Luxembourg,LUX,2003,4.58
Luxembourg,LUX,2004,4.47
Luxembourg,LUX,2005,4.35
Luxembourg,LUX,2006,4.24
Luxembourg,LUX,2007,4.13
Luxembourg,LUX,2008,4.01
Luxembourg,LUX,2009,3.9
Luxembourg,LUX,2010,3.95
Luxembourg,LUX,2011,3.84
Luxembourg,LUX,2012,3.7
Luxembourg,LUX,2013,3.57
Luxembourg,LUX,2014,3.81
Luxembourg,LUX,2015,3.71
Luxembourg,LUX,2016,3.68
Luxembourg,LUX,2017,3.78
Luxembourg,LUX,2018,4.33
Luxembourg,LUX,2019,4.09
Madagascar,MDG,2000,11.19
Madagascar,MDG,2001,11.2
Madagascar,MDG,2002,11.22
Madagascar,MDG,2003,11.23
Madagascar,MDG,2004,11.25
Madagascar,MDG,2005,11.26
Madagascar,MDG,2006,11.26
Madagascar,MDG,2007,11.26
Madagascar,MDG,2008,11.26
Madagascar,MDG,2009,11.26
Madagascar,MDG,2010,11.26
Madagascar,MDG,2011,11.26
Madagascar,MDG,2012,11.26
Madagascar,MDG,2013,11.26
Madagascar,MDG,2014,11.26
Madagascar,MDG,2015,11.26
Madagascar,MDG,2016,11.26
Madagascar,MDG,2017,11.26
Madagascar,MDG,2018,11.26
Madagascar,MDG,2019,11.26
Malawi,MWI,2000,15.95
Malawi,MWI,2001,16.61
Malawi,MWI,2002,17.26
Malawi,MWI,2003,17.34
Malawi,MWI,2004,17.42
Malawi,MWI,2005,17.5
Malawi,MWI,2006,17.5
Malawi,MWI,2007,17.5
Malawi,MWI,2008,17.5
Malawi,MWI,2009,17.5
Malawi,MWI,2010,17.5
Malawi,MWI,2011,17.5
Malawi,MWI,2012,17.5
Malawi,MWI,2013,17.5
Malawi,MWI,2014,17.5
Malawi,MWI,2015,17.5
Malawi,MWI,2016,17.5
Malawi,MWI,2017,17.5
Malawi,MWI,2018,17.5
Malawi,MWI,2019,17.5
Malaysia,MYS,2000,2.89
Malaysia,MYS,2001,2.91
Malaysia,MYS,2002,2.93
Malaysia,MYS,2003,2.95
Malaysia,MYS,2004,2.97
Malaysia,MYS,2005,2.99
Malaysia,MYS,2006,3.01
Malaysia,MYS,2007,3.03
Malaysia,MYS,2008,3.05
Malaysia,MYS,2009,3.07
Malaysia,MYS,2010,3.09
Malaysia,MYS,2011,3.11
Malaysia,MYS,2012,3.13
Malaysia,MYS,2013,3.15
Malaysia,MYS,2014,3.17
Malaysia,MYS,2015,3.19
Malaysia,MYS,2016,3.36
Malaysia,MYS,2017,3.44
Malaysia,MYS,2018,3.44
Malaysia,MYS,2019,3.44
Maldives,MDV,2000,17.67
Maldives,MDV,2001,17.12
Maldives,MDV,2002,16.92
Maldives,MDV,2003,16.71
Maldives,MDV,2004,16.5
Maldives,MDV,2005,14.48
Maldives,MDV,2006,14.87
Maldives,MDV,2007,15.46
Maldives,MDV,2008,15.67
Maldives,MDV,2009,9.52
Maldives,MDV,2010,3.38
Maldives,MDV,2011,15.67
Maldives,MDV,2012,15.67
Maldives,MDV,2013,15.67
Maldives,MDV,2014,15.67
Maldives,MDV,2015,15.67
Maldives,MDV,2016,15.67
Maldives,MDV,2017,15.67
Maldives,MDV,2018,15.67
Maldives,MDV,2019,15.67
Mali,MLI,2000,7.45
Mali,MLI,2001,7.84
Mali,MLI,2002,7.88
Mali,MLI,2003,7.91
Mali,MLI,2004,7.94
Mali,MLI,2005,7.97
Mali,MLI,2006,8
Mali,MLI,2007,8
Mali,MLI,2008,8
Mali,MLI,2009,8
Mali,MLI,2010,8
Mali,MLI,2011,8
Mali,MLI,2012,8
Mali,MLI,2013,8
Mali,MLI,2014,8
Mali,MLI,2015,8
Mali,MLI,2016,8
Mali,MLI,2017,8
Mali,MLI,2018,8
Mali,MLI,2019,8
Malta,MLT,2000,61.27
Malta,MLT,2001,64.3
Malta,MLT,2002,67.33
Malta,MLT,2003,68.44
Malta,MLT,2004,68.51
Malta,MLT,2005,70.65
Malta,MLT,2006,71.76
Malta,MLT,2007,72.87
Malta,MLT,2008,70.89
Malta,MLT,2009,62.77
Malta,MLT,2010,80.99
Malta,MLT,2011,75.45
Malta,MLT,2012,79.41
Malta,MLT,2013,91.29
Malta,MLT,2014,89.11
Malta,MLT,2015,82.77
Malta,MLT,2016,82.97
Malta,MLT,2017,91.09
Malta,MLT,2018,85.15
Malta,MLT,2019,81.19
Mauritania,MRT,2000,15.71
Mauritania,MRT,2001,15.08
Mauritania,MRT,2002,14.45
Mauritania,MRT,2003,13.82
Mauritania,MRT,2004,13.2
Mauritania,MRT,2005,13.25
Mauritania,MRT,2006,13.25
Mauritania,MRT,2007,13.25
Mauritania,MRT,2008,13.25
Mauritania,MRT,2009,13.25
Mauritania,MRT,2010,13.25
Mauritania,MRT,2011,13.25
Mauritania,MRT,2012,13.25
Mauritania,MRT,2013,13.25
Mauritania,MRT,2014,13.25
Mauritania,MRT,2015,13.25
Mauritania,MRT,2016,13.25
Mauritania,MRT,2017,13.25
Mauritania,MRT,2018,13.25
Mauritania,MRT,2019,13.25
Mauritius,MUS,2000,22.17
Mauritius,MUS,2001,23.57
Mauritius,MUS,2002,24.96
Mauritius,MUS,2003,26.35
Mauritius,MUS,2004,25.74
Mauritius,MUS,2005,25.12
Mauritius,MUS,2006,24.79
Mauritius,MUS,2007,22.9
Mauritius,MUS,2008,27.84
Mauritius,MUS,2009,22.97
Mauritius,MUS,2010,23.16
Mauritius,MUS,2011,20.76
Mauritius,MUS,2012,21.16
Mauritius,MUS,2013,22.1
Mauritius,MUS,2014,22.54
Mauritius,MUS,2015,22.25
Mauritius,MUS,2016,22.54
Mauritius,MUS,2017,22.17
Mauritius,MUS,2018,21.48
Mauritius,MUS,2019,21.63
Mexico,MEX,2000,25.57
Mexico,MEX,2001,25.8
Mexico,MEX,2002,27.12
Mexico,MEX,2003,28.02
Mexico,MEX,2004,28.21
Mexico,MEX,2005,28.58
Mexico,MEX,2006,28.88
Mexico,MEX,2007,29.5
Mexico,MEX,2008,29.93
Mexico,MEX,2009,28.75
Mexico,MEX,2010,29.87
Mexico,MEX,2011,29.81
Mexico,MEX,2012,31.03
Mexico,MEX,2013,30.63
Mexico,MEX,2014,31.86
Mexico,MEX,2015,32.13
Mexico,MEX,2016,32.48
Mexico,MEX,2017,32.95
Mexico,MEX,2018,44.46
Mexico,MEX,2019,44.72
Moldova,MDA,2000,20.66
Moldova,MDA,2001,12.98
Moldova,MDA,2002,12.86
Moldova,MDA,2003,12.83
Moldova,MDA,2004,12.65
Moldova,MDA,2005,12.65
Moldova,MDA,2006,12.68
Moldova,MDA,2007,12.68
Moldova,MDA,2008,13.14
Moldova,MDA,2009,12.85
Moldova,MDA,2010,12.64
Moldova,MDA,2011,12.58
Moldova,MDA,2012,12.62
Moldova,MDA,2013,12.46
Moldova,MDA,2014,12.43
Moldova,MDA,2015,12.47
Moldova,MDA,2016,12.52
Moldova,MDA,2017,12.47
Moldova,MDA,2018,12.43
Moldova,MDA,2019,12.46
Mongolia,MNG,2000,3.59
Mongolia,MNG,2001,3.65
Mongolia,MNG,2002,3.71
Mongolia,MNG,2003,3.77
Mongolia,MNG,2004,3.84
Mongolia,MNG,2005,3.75
Mongolia,MNG,2006,3.96
Mongolia,MNG,2007,3.99
Mongolia,MNG,2008,4.02
Mongolia,MNG,2009,4.05
Mongolia,MNG,2010,3.9
Mongolia,MNG,2011,3.75
Mongolia,MNG,2012,3.6
Mongolia,MNG,2013,3.45
Mongolia,MNG,2014,3.3
Mongolia,MNG,2015,3.15
Mongolia,MNG,2016,3.4
Mongolia,MNG,2017,3.4
Mongolia,MNG,2018,3.4
Mongolia,MNG,2019,3.4
Morocco,MAR,2000,60.48
Morocco,MAR,2001,65.79
Morocco,MAR,2002,71.1
Morocco,MAR,2003,68.56
Morocco,MAR,2004,66.02
Morocco,MAR,2005,63.47
Morocco,MAR,2006,60.93
Morocco,MAR,2007,58.38
Morocco,MAR,2008,55.84
Morocco,MAR,2009,53.3
Morocco,MAR,2010,50.75
Morocco,MAR,2011,50.75
Morocco,MAR,2012,50.75
Morocco,MAR,2013,50.75
Morocco,MAR,2014,50.75
Morocco,MAR,2015,50.75
Morocco,MAR,2016,50.75
Morocco,MAR,2017,50.75
Morocco,MAR,2018,50.75
Morocco,MAR,2019,50.75
Mozambique,MOZ,2000,1.04
Mozambique,MOZ,2001,1.07
Mozambique,MOZ,2002,1.13
Mozambique,MOZ,2003,1.19
Mozambique,MOZ,2004,1.24
Mozambique,MOZ,2005,1.3
Mozambique,MOZ,2006,1.34
Mozambique,MOZ,2007,1.39
Mozambique,MOZ,2008,1.43
Mozambique,MOZ,2009,1.48
Mozambique,MOZ,2010,1.52
Mozambique,MOZ,2011,1.57
Mozambique,MOZ,2012,1.61
Mozambique,MOZ,2013,1.66
Mozambique,MOZ,2014,1.71
Mozambique,MOZ,2015,1.75
Mozambique,MOZ,2016,1.75
Mozambique,MOZ,2017,1.75
Mozambique,MOZ,2018,1.75
Mozambique,MOZ,2019,1.75
Myanmar,MMR,2000,5.8
Myanmar,MMR,2001,5.8
Myanmar,MMR,2002,5.8
Myanmar,MMR,2003,5.8
Myanmar,MMR,2004,5.8
Myanmar,MMR,2005,5.8
Myanmar,MMR,2006,5.8
Myanmar,MMR,2007,5.8
Myanmar,MMR,2008,5.8
Myanmar,MMR,2009,5.8
Myanmar,MMR,2010,5.8
Myanmar,MMR,2011,5.8
Myanmar,MMR,2012,5.8
Myanmar,MMR,2013,5.8
Myanmar,MMR,2014,5.8
Myanmar,MMR,2015,5.8
Myanmar,MMR,2016,5.8
Myanmar,MMR,2017,5.8
Myanmar,MMR,2018,5.8
Myanmar,MMR,2019,5.8
Namibia,NAM,2000,0.9
Namibia,NAM,2001,0.88
Namibia,NAM,2002,0.86
Namibia,NAM,2003,0.86
Namibia,NAM,2004,0.86
Namibia,NAM,2005,0.86
Namibia,NAM,2006,0.86
Namibia,NAM,2007,0.86
Namibia,NAM,2008,0.86
Namibia,NAM,2009,0.86
Namibia,NAM,2010,0.86
Namibia,NAM,2011,0.86
Namibia,NAM,2012,0.86
Namibia,NAM,2013,0.86
Namibia,NAM,2014,0.86
Namibia,NAM,2015,0.86
Namibia,NAM,2016,0.86
Namibia,NAM,2017,0.86
Namibia,NAM,2018,0.86
Namibia,NAM,2019,0.86
Nepal,NPL,2000,8.37
Nepal,NPL,2001,8.36
Nepal,NPL,2002,8.35
Nepal,NPL,2003,8.33
Nepal,NPL,2004,8.32
Nepal,NPL,2005,8.31
Nepal,NPL,2006,8.31
Nepal,NPL,2007,8.31
Nepal,NPL,2008,8.31
Nepal,NPL,2009,8.31
Nepal,NPL,2010,8.31
Nepal,NPL,2011,8.31
Nepal,NPL,2012,8.31
Nepal,NPL,2013,8.31
Nepal,NPL,2014,8.31
Nepal,NPL,2015,8.31
Nepal,NPL,2016,8.31
Nepal,NPL,2017,8.31
Nepal,NPL,2018,8.31
Nepal,NPL,2019,8.31
Netherlands,NLD,2000,16.01
Netherlands,NLD,2001,16.93
Netherlands,NLD,2002,18.18
Netherlands,NLD,2003,19.43
Netherlands,NLD,2004,20.68
Netherlands,NLD,2005,21.93
Netherlands,NLD,2006,21.35
Netherlands,NLD,2007,20.77
Netherlands,NLD,2008,20.33
Netherlands,NLD,2009,21.66
Netherlands,NLD,2010,20.75
Netherlands,NLD,2011,19.35
Netherlands,NLD,2012,20.35
Netherlands,NLD,2013,20.2
Netherlands,NLD,2014,18.02
Netherlands,NLD,2015,15.97
Netherlands,NLD,2016,15.23
Netherlands,NLD,2017,15.03
Netherlands,NLD,2018,16.38
Netherlands,NLD,2019,17
New Zealand,NZL,2000,2.76
New Zealand,NZL,2001,2.97
New Zealand,NZL,2002,3.18
New Zealand,NZL,2003,3.38
New Zealand,NZL,2004,3.59
New Zealand,NZL,2005,3.79
New Zealand,NZL,2006,4
New Zealand,NZL,2007,4.06
New Zealand,NZL,2008,4.12
New Zealand,NZL,2009,4.18
New Zealand,NZL,2010,4.24
New Zealand,NZL,2011,5.19
New Zealand,NZL,2012,6.14
New Zealand,NZL,2013,7.1
New Zealand,NZL,2014,8.05
New Zealand,NZL,2015,8.05
New Zealand,NZL,2016,8.05
New Zealand,NZL,2017,8.05
New Zealand,NZL,2018,8.05
New Zealand,NZL,2019,8.05
Nicaragua,NIC,2000,2.42
Nicaragua,NIC,2001,2.51
Nicaragua,NIC,2002,2.54
Nicaragua,NIC,2003,2.57
Nicaragua,NIC,2004,2.6
Nicaragua,NIC,2005,2.63
Nicaragua,NIC,2006,2.65
Nicaragua,NIC,2007,2.67
Nicaragua,NIC,2008,2.69
Nicaragua,NIC,2009,2.69
Nicaragua,NIC,2010,2.69
Nicaragua,NIC,2011,2.69
Nicaragua,NIC,2012,2.69
Nicaragua,NIC,2013,2.69
Nicaragua,NIC,2014,2.69
Nicaragua,NIC,2015,2.69
Nicaragua,NIC,2016,2.69
Nicaragua,NIC,2017,2.69
Nicaragua,NIC,2018,2.69
Nicaragua,NIC,2019,2.69
Niger,NER,2000,3.59
Niger,NER,2001,3.71
Niger,NER,2002,3.83
Niger,NER,2003,3.95
Niger,NER,2004,4.07
Niger,NER,2005,4.2
Niger,NER,2006,4.45
Niger,NER,2007,4.7
Niger,NER,2008,4.95
Niger,NER,2009,5.2
Niger,NER,2010,5.45
Niger,NER,2011,5.7
Niger,NER,2012,5.95
Niger,NER,2013,6.2
Niger,NER,2014,6.45
Niger,NER,2015,7.34
Niger,NER,2016,7.45
Niger,NER,2017,6.75
Niger,NER,2018,10.37
Niger,NER,2019,11.02
Nigeria,NGA,2000,7.99
Nigeria,NGA,2001,8.18
Nigeria,NGA,2002,8.38
Nigeria,NGA,2003,8.58
Nigeria,NGA,2004,8.77
Nigeria,NGA,2005,8.97
Nigeria,NGA,2006,9.11
Nigeria,NGA,2007,9.25
Nigeria,NGA,2008,9.39
Nigeria,NGA,2009,9.53
Nigeria,NGA,2010,9.67
Nigeria,NGA,2011,9.67
Nigeria,NGA,2012,9.67
Nigeria,NGA,2013,9.67
Nigeria,NGA,2014,9.67
Nigeria,NGA,2015,9.67
Nigeria,NGA,2016,9.67
Nigeria,NGA,2017,9.67
Nigeria,NGA,2018,9.67
Nigeria,NGA,2019,9.67
North Korea,PRK,2000,27.41
North Korea,PRK,2001,27.48
North Korea,PRK,2002,27.54
North Korea,PRK,2003,27.61
North Korea,PRK,2004,27.67
North Korea,PRK,2005,27.74
North Korea,PRK,2006,27.74
North Korea,PRK,2007,27.74
North Korea,PRK,2008,27.74
North Korea,PRK,2009,27.74
North Korea,PRK,2010,27.74
North Korea,PRK,2011,27.74
North Korea,PRK,2012,27.74
North Korea,PRK,2013,27.74
North Korea,PRK,2014,27.74
North Korea,PRK,2015,27.74
North Korea,PRK,2016,27.74
North Korea,PRK,2017,27.74
North Korea,PRK,2018,27.74
North Korea,PRK,2019,27.74
North Macedonia,MKD,2000,16.75
North Macedonia,MKD,2001,16.04
North Macedonia,MKD,2002,15.32
North Macedonia,MKD,2003,19.55
North Macedonia,MKD,2004,23.77
North Macedonia,MKD,2005,28
North Macedonia,MKD,2006,20.67
North Macedonia,MKD,2007,13.34
North Macedonia,MKD,2008,19.34
North Macedonia,MKD,2009,25.34
North Macedonia,MKD,2010,22
North Macedonia,MKD,2011,18.66
North Macedonia,MKD,2012,15.31
North Macedonia,MKD,2013,11.97
North Macedonia,MKD,2014,16.4
North Macedonia,MKD,2015,20.83
North Macedonia,MKD,2016,25.27
North Macedonia,MKD,2017,25.27
North Macedonia,MKD,2018,25.27
North Macedonia,MKD,2019,25.27
Northern Africa (UN),,2015,104.68
Northern Africa (UN),,2016,104.8
Northern Africa (UN),,2017,120.25
Northern Africa (UN),,2018,120.48
Northern Africa (UN),,2019,120.48
Northern America (UN),,2015,20.17
Northern America (UN),,2016,20.18
Northern America (UN),,2017,20.19
Northern America (UN),,2018,20.19
Northern America (UN),,2019,20.19
Norway,NOR,2000,1.83
Norway,NOR,2001,1.95
Norway,NOR,2002,1.94
Norway,NOR,2003,1.96
Norway,NOR,2004,2.14
Norway,NOR,2005,2.08
Norway,NOR,2006,2.23
Norway,NOR,2007,2.3
Norway,NOR,2008,2.23
Norway,NOR,2009,2.16
Norway,NOR,2010,2.13
Norway,NOR,2011,2.11
Norway,NOR,2012,2.08
Norway,NOR,2013,2.09
Norway,NOR,2014,2.11
Norway,NOR,2015,2.06
Norway,NOR,2016,2.01
Norway,NOR,2017,2.05
Norway,NOR,2018,2.05
Norway,NOR,2019,2.05
Oceania (UN),,2015,2.83
Oceania (UN),,2016,3.03
Oceania (UN),,2017,3.24
Oceania (UN),,2018,3.29
Oceania (UN),,2019,2.91
Oman,OMN,2000,92.86
Oman,OMN,2001,90.79
Oman,OMN,2002,89.75
Oman,OMN,2003,84.71
Oman,OMN,2004,87.91
Oman,OMN,2005,91.11
Oman,OMN,2006,94.31
Oman,OMN,2007,97.51
Oman,OMN,2008,100.71
Oman,OMN,2009,103.91
Oman,OMN,2010,107.11
Oman,OMN,2011,110.31
Oman,OMN,2012,113.51
Oman,OMN,2013,116.71
Oman,OMN,2014,116.71
Oman,OMN,2015,116.71
Oman,OMN,2016,116.71
Oman,OMN,2017,116.71
Oman,OMN,2018,116.71
Oman,OMN,2019,116.71
Pakistan,PAK,2000,105.86
Pakistan,PAK,2001,106.64
Pakistan,PAK,2002,107.42
Pakistan,PAK,2003,108.21
Pakistan,PAK,2004,108.99
Pakistan,PAK,2005,109.77
Pakistan,PAK,2006,110.69
Pakistan,PAK,2007,111.62
Pakistan,PAK,2008,112.57
Pakistan,PAK,2009,112.32
Pakistan,PAK,2010,113.66
Pakistan,PAK,2011,110.1
Pakistan,PAK,2012,115.26
Pakistan,PAK,2013,112.57
Pakistan,PAK,2014,119.54
Pakistan,PAK,2015,120.79
Pakistan,PAK,2016,122.55
Pakistan,PAK,2017,122.67
Pakistan,PAK,2018,118.24
Pakistan,PAK,2019,108.65
Palestine,PSE,2000,40.08
Palestine,PSE,2001,38.58
Palestine,PSE,2002,46.16
Palestine,PSE,2003,48.63
Palestine,PSE,2004,54.31
Palestine,PSE,2005,58.19
Palestine,PSE,2006,56.27
Palestine,PSE,2007,53.86
Palestine,PSE,2008,51.45
Palestine,PSE,2009,49.04
Palestine,PSE,2010,38.63
Palestine,PSE,2011,38.07
Palestine,PSE,2012,41.73
Palestine,PSE,2013,43.13
Palestine,PSE,2014,39.15
Palestine,PSE,2015,41.53
Palestine,PSE,2016,40.02
Palestine,PSE,2017,41.08
Palestine,PSE,2018,42.75
Palestine,PSE,2019,47.01
Panama,PAN,2010,0.77
Panama,PAN,2011,0.82
Panama,PAN,2012,0.86
Panama,PAN,2013,0.9
Panama,PAN,2014,0.89
Panama,PAN,2015,0.93
Panama,PAN,2016,0.9
Panama,PAN,2017,0.9
Panama,PAN,2018,0.9
Panama,PAN,2019,0.9
Papua New Guinea,PNG,2000,0.09
Papua New Guinea,PNG,2001,0.1
Papua New Guinea,PNG,2002,0.11
Papua New Guinea,PNG,2003,0.12
Papua New Guinea,PNG,2004,0.12
Papua New Guinea,PNG,2005,0.13
Papua New Guinea,PNG,2006,0.13
Papua New Guinea,PNG,2007,0.13
Papua New Guinea,PNG,2008,0.13
Papua New Guinea,PNG,2009,0.13
Papua New Guinea,PNG,2010,0.13
Papua New Guinea,PNG,2011,0.13
Papua New Guinea,PNG,2012,0.13
Papua New Guinea,PNG,2013,0.13
Papua New Guinea,PNG,2014,0.13
Papua New Guinea,PNG,2015,0.13
Papua New Guinea,PNG,2016,0.13
Papua New Guinea,PNG,2017,0.13
Papua New Guinea,PNG,2018,0.13
Papua New Guinea,PNG,2019,0.13
Paraguay,PRY,2000,0.37
Paraguay,PRY,2001,0.5
Paraguay,PRY,2002,0.63
Paraguay,PRY,2003,0.75
Paraguay,PRY,2004,0.88
Paraguay,PRY,2005,1.01
Paraguay,PRY,2006,1.13
Paraguay,PRY,2007,1.26
Paraguay,PRY,2008,1.39
Paraguay,PRY,2009,1.5
Paraguay,PRY,2010,1.62
Paraguay,PRY,2011,1.71
Paraguay,PRY,2012,1.84
Paraguay,PRY,2013,1.84
Paraguay,PRY,2014,1.84
Paraguay,PRY,2015,1.84
Paraguay,PRY,2016,1.84
Paraguay,PRY,2017,1.84
Paraguay,PRY,2018,1.84
Paraguay,PRY,2019,1.84
Peru,PER,2008,2.53
Peru,PER,2009,2.95
Peru,PER,2010,3.37
Peru,PER,2011,3.8
Peru,PER,2012,4.22
Peru,PER,2013,4.64
Peru,PER,2014,5.07
Peru,PER,2015,5.49
Peru,PER,2016,5.91
Peru,PER,2017,6.34
Peru,PER,2018,6.76
Peru,PER,2019,7.18
Philippines,PHL,2006,24.12
Philippines,PHL,2007,24.91
Philippines,PHL,2008,25.22
Philippines,PHL,2009,24.93
Philippines,PHL,2010,25.46
Philippines,PHL,2011,25.7
Philippines,PHL,2012,25.76
Philippines,PHL,2013,25.82
Philippines,PHL,2014,25.81
Philippines,PHL,2015,26.41
Philippines,PHL,2016,26.63
Philippines,PHL,2017,28.06
Philippines,PHL,2018,28.17
Philippines,PHL,2019,26.25
Poland,POL,2000,42.05
Poland,POL,2001,41.31
Poland,POL,2002,40.56
Poland,POL,2003,40.77
Poland,POL,2004,40.98
Poland,POL,2005,41.18
Poland,POL,2006,41.39
Poland,POL,2007,41.61
Poland,POL,2008,39.32
Poland,POL,2009,39.84
Poland,POL,2010,37.63
Poland,POL,2011,41.23
Poland,POL,2012,39.7
Poland,POL,2013,38.91
Poland,POL,2014,36.8
Poland,POL,2015,36.16
Poland,POL,2016,35.61
Poland,POL,2017,34.89
Poland,POL,2018,33.22
Poland,POL,2019,31.1
Portugal,PRT,2000,21.43
Portugal,PRT,2001,20.96
Portugal,PRT,2002,20.49
Portugal,PRT,2003,20.02
Portugal,PRT,2004,19.55
Portugal,PRT,2005,19.08
Portugal,PRT,2006,18.2
Portugal,PRT,2007,18.38
Portugal,PRT,2008,18.24
Portugal,PRT,2009,18.11
Portugal,PRT,2010,17.97
Portugal,PRT,2011,17.84
Portugal,PRT,2012,17.71
Portugal,PRT,2013,17.57
Portugal,PRT,2014,17.44
Portugal,PRT,2015,17.3
Portugal,PRT,2016,17.17
Portugal,PRT,2017,12.38
Portugal,PRT,2018,12.32
Portugal,PRT,2019,12.32
Puerto Rico,PRI,2000,19.12
Puerto Rico,PRI,2001,19.75
Puerto Rico,PRI,2002,20.39
Puerto Rico,PRI,2003,21.02
Puerto Rico,PRI,2004,21.66
Puerto Rico,PRI,2005,22.29
Puerto Rico,PRI,2006,22.37
Puerto Rico,PRI,2007,22.46
Puerto Rico,PRI,2008,22.54
Puerto Rico,PRI,2009,22.62
Puerto Rico,PRI,2010,22.71
Puerto Rico,PRI,2011,22.07
Puerto Rico,PRI,2012,21.44
Puerto Rico,PRI,2013,20.8
Puerto Rico,PRI,2014,20.17
Puerto Rico,PRI,2015,19.54
Puerto Rico,PRI,2016,19.54
Puerto Rico,PRI,2017,19.54
Puerto Rico,PRI,2018,19.54
Puerto Rico,PRI,2019,19.54
Qatar,QAT,2000,282.59
Qatar,QAT,2001,300.9
Qatar,QAT,2002,321.97
Qatar,QAT,2003,341.66
Qatar,QAT,2004,361.34
Qatar,QAT,2005,374.14
Qatar,QAT,2006,381.29
Qatar,QAT,2007,388.45
Qatar,QAT,2008,395.6
Qatar,QAT,2009,402.76
Qatar,QAT,2010,409.91
Qatar,QAT,2011,417.07
Qatar,QAT,2012,424.22
Qatar,QAT,2013,431.38
Qatar,QAT,2014,434.66
Qatar,QAT,2015,431.03
Qatar,QAT,2016,432.41
Qatar,QAT,2017,431.03
Qatar,QAT,2018,431.03
Qatar,QAT,2019,431.03
Reunion,REU,2000,13.69
Reunion,REU,2001,15.15
Reunion,REU,2002,15.18
Reunion,REU,2003,15.21
Reunion,REU,2004,15.24
Reunion,REU,2005,12.34
Reunion,REU,2006,13.46
Reunion,REU,2007,15.95
Reunion,REU,2008,14.32
Reunion,REU,2009,13.02
Reunion,REU,2010,11.79
Reunion,REU,2011,10.49
Reunion,REU,2012,9.19
Reunion,REU,2013,7.89
Reunion,REU,2014,6.6
Reunion,REU,2015,5.3
Reunion,REU,2016,4
Reunion,REU,2017,4.3
Reunion,REU,2018,4.3
Reunion,REU,2019,4.3
Romania,ROU,2000,9.03
Romania,ROU,2001,8.48
Romania,ROU,2002,8.63
Romania,ROU,2003,7.97
Romania,ROU,2004,6.67
Romania,ROU,2005,5.72
Romania,ROU,2006,4.99
Romania,ROU,2007,6.45
Romania,ROU,2008,6.76
Romania,ROU,2009,6.44
Romania,ROU,2010,5.82
Romania,ROU,2011,6.17
Romania,ROU,2012,6.07
Romania,ROU,2013,6.01
Romania,ROU,2014,5.88
Romania,ROU,2015,6.05
Romania,ROU,2016,5.97
Romania,ROU,2017,6.34
Romania,ROU,2018,6.01
Romania,ROU,2019,6.01
Russia,RUS,2000,4.83
Russia,RUS,2001,4.21
Russia,RUS,2002,4.18
Russia,RUS,2003,4.15
Russia,RUS,2004,4.13
Russia,RUS,2005,4.41
Russia,RUS,2006,4.07
Russia,RUS,2007,4.04
Russia,RUS,2008,4.02
Russia,RUS,2009,3.99
Russia,RUS,2010,4.43
Russia,RUS,2011,3.93
Russia,RUS,2012,4.07
Russia,RUS,2013,3.88
Russia,RUS,2014,4.5
Russia,RUS,2015,3.97
Russia,RUS,2016,4.12
Russia,RUS,2017,4.1
Russia,RUS,2018,4.12
Russia,RUS,2019,4.12
Rwanda,RWA,2000,4.97
Rwanda,RWA,2001,5.64
Rwanda,RWA,2002,6.32
Rwanda,RWA,2003,6.99
Rwanda,RWA,2004,7.66
Rwanda,RWA,2005,8.34
Rwanda,RWA,2006,9.16
Rwanda,RWA,2007,9.98
Rwanda,RWA,2008,10.81
Rwanda,RWA,2009,11.63
Rwanda,RWA,2010,12.46
Rwanda,RWA,2011,13.28
Rwanda,RWA,2012,14.1
Rwanda,RWA,2013,14.93
Rwanda,RWA,2014,15.75
Rwanda,RWA,2015,16.57
Rwanda,RWA,2016,17.4
Rwanda,RWA,2017,18.22
Rwanda,RWA,2018,19.04
Rwanda,RWA,2019,20.2
Saint Kitts and Nevis,KNA,2012,50.83
Saint Kitts and Nevis,KNA,2013,50.83
Saint Kitts and Nevis,KNA,2014,50.83
Saint Kitts and Nevis,KNA,2015,50.83
Saint Kitts and Nevis,KNA,2016,50.83
Saint Kitts and Nevis,KNA,2017,50.83
Saint Kitts and Nevis,KNA,2018,50.83
Saint Kitts and Nevis,KNA,2019,50.83
Saint Lucia,LCA,2007,14.3
Saint Lucia,LCA,2008,14.3
Saint Lucia,LCA,2009,14.3
Saint Lucia,LCA,2010,14.3
Saint Lucia,LCA,2011,14.3
Saint Lucia,LCA,2012,14.3
Saint Lucia,LCA,2013,14.3
Saint Lucia,LCA,2014,14.3
Saint Lucia,LCA,2015,14.3
Saint Lucia,LCA,2016,14.3
Saint Lucia,LCA,2017,14.3
Saint Lucia,LCA,2018,14.3
Saint Lucia,LCA,2019,14.3
Saint Vincent and the Grenadines,VCT,2000,9.75
Saint Vincent and the Grenadines,VCT,2001,9.7
Saint Vincent and the Grenadines,VCT,2002,9.42
Saint Vincent and the Grenadines,VCT,2003,9.33
Saint Vincent and the Grenadines,VCT,2004,9.25
Saint Vincent and the Grenadines,VCT,2005,9.5
Saint Vincent and the Grenadines,VCT,2006,9.3
Saint Vincent and the Grenadines,VCT,2007,9.1
Saint Vincent and the Grenadines,VCT,2008,8.9
Saint Vincent and the Grenadines,VCT,2009,8.7
Saint Vincent and the Grenadines,VCT,2010,8.5
Saint Vincent and the Grenadines,VCT,2011,8.3
Saint Vincent and the Grenadines,VCT,2012,8.1
Saint Vincent and the Grenadines,VCT,2013,7.9
Saint Vincent and the Grenadines,VCT,2014,7.9
Saint Vincent and the Grenadines,VCT,2015,7.9
Saint Vincent and the Grenadines,VCT,2016,7.9
Saint Vincent and the Grenadines,VCT,2017,7.9
Saint Vincent and the Grenadines,VCT,2018,7.9
Saint Vincent and the Grenadines,VCT,2019,7.9
Sao Tome and Principe,STP,2000,0.79
Sao Tome and Principe,STP,2001,0.86
Sao Tome and Principe,STP,2002,0.93
Sao Tome and Principe,STP,2003,1
Sao Tome and Principe,STP,2004,1.06
Sao Tome and Principe,STP,2005,1.13
Sao Tome and Principe,STP,2006,1.2
Sao Tome and Principe,STP,2007,1.27
Sao Tome and Principe,STP,2008,1.34
Sao Tome and Principe,STP,2009,1.4
Sao Tome and Principe,STP,2010,1.47
Sao Tome and Principe,STP,2011,1.54
Sao Tome and Principe,STP,2012,1.61
Sao Tome and Principe,STP,2013,1.67
Sao Tome and Principe,STP,2014,1.74
Sao Tome and Principe,STP,2015,1.81
Sao Tome and Principe,STP,2016,1.88
Sao Tome and Principe,STP,2017,1.88
Sao Tome and Principe,STP,2018,1.88
Sao Tome and Principe,STP,2019,1.88
Saudi Arabia,SAU,2000,819.76
Saudi Arabia,SAU,2001,832.64
Saudi Arabia,SAU,2002,847.78
Saudi Arabia,SAU,2003,858.17
Saudi Arabia,SAU,2004,870.14
Saudi Arabia,SAU,2005,894.82
Saudi Arabia,SAU,2006,943.33
Saudi Arabia,SAU,2007,936.13
Saudi Arabia,SAU,2008,928.92
Saudi Arabia,SAU,2009,921.72
Saudi Arabia,SAU,2010,914.51
Saudi Arabia,SAU,2011,907.31
Saudi Arabia,SAU,2012,900.1
Saudi Arabia,SAU,2013,894.24
Saudi Arabia,SAU,2014,894.71
Saudi Arabia,SAU,2015,948.88
Saudi Arabia,SAU,2016,929.58
Saudi Arabia,SAU,2017,955.96
Saudi Arabia,SAU,2018,974.17
Saudi Arabia,SAU,2019,974.17
Senegal,SEN,2000,8.45
Senegal,SEN,2001,10.13
Senegal,SEN,2002,11.81
Senegal,SEN,2003,11.81
Senegal,SEN,2004,11.81
Senegal,SEN,2005,11.81
Senegal,SEN,2006,11.81
Senegal,SEN,2007,11.81
Senegal,SEN,2008,11.81
Senegal,SEN,2009,11.81
Senegal,SEN,2010,11.81
Senegal,SEN,2011,11.81
Senegal,SEN,2012,11.81
Senegal,SEN,2013,11.81
Senegal,SEN,2014,11.81
Senegal,SEN,2015,11.81
Senegal,SEN,2016,11.81
Senegal,SEN,2017,11.81
Senegal,SEN,2018,11.81
Senegal,SEN,2019,11.81
Serbia,SRB,2006,2.39
Serbia,SRB,2007,4.46
Serbia,SRB,2008,5.29
Serbia,SRB,2009,5.22
Serbia,SRB,2010,4.98
Serbia,SRB,2011,5.35
Serbia,SRB,2012,4.96
Serbia,SRB,2013,5.31
Serbia,SRB,2014,4.43
Serbia,SRB,2015,5.28
Serbia,SRB,2016,5.3
Serbia,SRB,2017,6.06
Serbia,SRB,2018,6.26
Serbia,SRB,2019,6.33
Sierra Leone,SLE,2000,0.44
Sierra Leone,SLE,2001,0.45
Sierra Leone,SLE,2002,0.46
Sierra Leone,SLE,2003,0.47
Sierra Leone,SLE,2004,0.48
Sierra Leone,SLE,2005,0.5
Sierra Leone,SLE,2006,0.5
Sierra Leone,SLE,2007,0.5
Sierra Leone,SLE,2008,0.5
Sierra Leone,SLE,2009,0.5
Sierra Leone,SLE,2010,0.5
Sierra Leone,SLE,2011,0.5
Sierra Leone,SLE,2012,0.5
Sierra Leone,SLE,2013,0.5
Sierra Leone,SLE,2014,0.5
Sierra Leone,SLE,2015,0.5
Sierra Leone,SLE,2016,0.5
Sierra Leone,SLE,2017,0.5
Sierra Leone,SLE,2018,0.5
Sierra Leone,SLE,2019,0.5
Singapore,SGP,2000,313.89
Singapore,SGP,2001,328.24
Singapore,SGP,2002,338.25
Singapore,SGP,2003,352.52
Singapore,SGP,2004,366.8
Singapore,SGP,2005,377.52
Singapore,SGP,2006,346.29
Singapore,SGP,2007,315.06
Singapore,SGP,2008,284.46
Singapore,SGP,2009,252.18
Singapore,SGP,2010,219.91
Singapore,SGP,2011,187.64
Singapore,SGP,2012,160.03
Singapore,SGP,2013,132.43
Singapore,SGP,2014,108.51
Singapore,SGP,2015,84.58
Singapore,SGP,2016,84.97
Singapore,SGP,2017,83.22
Singapore,SGP,2018,81.38
Singapore,SGP,2019,82.17
Slovakia,SVK,2000,5.04
Slovakia,SVK,2001,4.88
Slovakia,SVK,2002,4.71
Slovakia,SVK,2003,4.44
Slovakia,SVK,2004,4.17
Slovakia,SVK,2005,3.9
Slovakia,SVK,2006,3.43
Slovakia,SVK,2007,2.96
Slovakia,SVK,2008,2.86
Slovakia,SVK,2009,2.7
Slovakia,SVK,2010,2.58
Slovakia,SVK,2011,2.55
Slovakia,SVK,2012,2.86
Slovakia,SVK,2013,2.74
Slovakia,SVK,2014,2.41
Slovakia,SVK,2015,2.47
Slovakia,SVK,2016,2.39
Slovakia,SVK,2017,2.39
Slovakia,SVK,2018,2.39
Slovakia,SVK,2019,2.39
Slovenia,SVN,2002,6.08
Slovenia,SVN,2003,6.13
Slovenia,SVN,2004,6.19
Slovenia,SVN,2005,6.24
Slovenia,SVN,2006,6.28
Slovenia,SVN,2007,6.32
Slovenia,SVN,2008,7.03
Slovenia,SVN,2009,6.37
Slovenia,SVN,2010,6.26
Slovenia,SVN,2011,5.75
Slovenia,SVN,2012,6.27
Slovenia,SVN,2013,7.81
Slovenia,SVN,2014,6.63
Slovenia,SVN,2015,6.06
Slovenia,SVN,2016,6
Slovenia,SVN,2017,6.3
Slovenia,SVN,2018,6.5
Slovenia,SVN,2019,6.38
Small Island Developing States (SIDS),,2015,3.57
Small Island Developing States (SIDS),,2016,3.66
Small Island Developing States (SIDS),,2017,3.65
Small Island Developing States (SIDS),,2018,3.65
Small Island Developing States (SIDS),,2019,3.65
Somalia,SOM,2000,24.47
Somalia,SOM,2001,24.49
Somalia,SOM,2002,24.51
Somalia,SOM,2003,24.53
Somalia,SOM,2004,24.53
Somalia,SOM,2005,24.53
Somalia,SOM,2006,24.53
Somalia,SOM,2007,24.53
Somalia,SOM,2008,24.53
Somalia,SOM,2009,24.53
Somalia,SOM,2010,24.53
Somalia,SOM,2011,24.53
Somalia,SOM,2012,24.53
Somalia,SOM,2013,24.53
Somalia,SOM,2014,24.53
Somalia,SOM,2015,24.53
Somalia,SOM,2016,24.53
Somalia,SOM,2017,24.53
Somalia,SOM,2018,24.53
Somalia,SOM,2019,24.53
South Africa,ZAF,2000,40.77
South Africa,ZAF,2001,41.45
South Africa,ZAF,2002,42.13
South Africa,ZAF,2003,42.82
South Africa,ZAF,2004,43.5
South Africa,ZAF,2005,44.18
South Africa,ZAF,2006,44.86
South Africa,ZAF,2007,45.54
South Africa,ZAF,2008,46.22
South Africa,ZAF,2009,46.91
South Africa,ZAF,2010,47.59
South Africa,ZAF,2011,48.27
South Africa,ZAF,2012,48.95
South Africa,ZAF,2013,45.74
South Africa,ZAF,2014,52.75
South Africa,ZAF,2015,59.75
South Africa,ZAF,2016,61
South Africa,ZAF,2017,62.06
South Africa,ZAF,2018,63.56
South Africa,ZAF,2019,63.56
South Korea,KOR,2000,80.78
South Korea,KOR,2001,82.96
South Korea,KOR,2002,85.14
South Korea,KOR,2003,85.17
South Korea,KOR,2004,85.19
South Korea,KOR,2005,85.22
South Korea,KOR,2006,85.22
South Korea,KOR,2007,85.22
South Korea,KOR,2008,85.22
South Korea,KOR,2009,85.22
South Korea,KOR,2010,85.22
South Korea,KOR,2011,85.22
South Korea,KOR,2012,85.22
South Korea,KOR,2013,85.22
South Korea,KOR,2014,85.22
South Korea,KOR,2015,85.22
South Korea,KOR,2016,85.22
South Korea,KOR,2017,85.22
South Korea,KOR,2018,85.22
South Korea,KOR,2019,85.22
South Sudan,SSD,2012,4.23
South Sudan,SSD,2013,4.23
South Sudan,SSD,2014,4.23
South Sudan,SSD,2015,4.23
South Sudan,SSD,2016,4.23
South Sudan,SSD,2017,4.23
South Sudan,SSD,2018,4.23
South Sudan,SSD,2019,4.23
Spain,ESP,2000,49.22
Spain,ESP,2001,48.82
Spain,ESP,2002,48.41
Spain,ESP,2003,49.28
Spain,ESP,2004,50.16
Spain,ESP,2005,51.04
Spain,ESP,2006,49.36
Spain,ESP,2007,47.68
Spain,ESP,2008,47.42
Spain,ESP,2009,49.24
Spain,ESP,2010,47.73
Spain,ESP,2011,47.81
Spain,ESP,2012,50.1
Spain,ESP,2013,44.1
Spain,ESP,2014,44.8
Spain,ESP,2015,42.96
Spain,ESP,2016,42.56
Spain,ESP,2017,41.03
Spain,ESP,2018,40.18
Spain,ESP,2019,40.18
Sri Lanka,LKA,2000,91.24
Sri Lanka,LKA,2001,91.15
Sri Lanka,LKA,2002,91.06
Sri Lanka,LKA,2003,90.97
Sri Lanka,LKA,2004,90.88
Sri Lanka,LKA,2005,90.79
Sri Lanka,LKA,2006,90.79
Sri Lanka,LKA,2007,90.79
Sri Lanka,LKA,2008,90.79
Sri Lanka,LKA,2009,90.79
Sri Lanka,LKA,2010,90.79
Sri Lanka,LKA,2011,90.79
Sri Lanka,LKA,2012,90.79
Sri Lanka,LKA,2013,90.79
Sri Lanka,LKA,2014,90.79
Sri Lanka,LKA,2015,90.79
Sri Lanka,LKA,2016,90.79
Sri Lanka,LKA,2017,90.79
Sri Lanka,LKA,2018,90.79
Sri Lanka,LKA,2019,90.79
Sub-Saharan Africa (UN),,2015,5.89
Sub-Saharan Africa (UN),,2016,5.98
Sub-Saharan Africa (UN),,2017,5.99
Sub-Saharan Africa (UN),,2018,6.09
Sub-Saharan Africa (UN),,2019,6.1
Sudan,SDN,2012,118.66
Sudan,SDN,2013,118.66
Sudan,SDN,2014,118.66
Sudan,SDN,2015,118.66
Sudan,SDN,2016,118.66
Sudan,SDN,2017,118.66
Sudan,SDN,2018,118.66
Sudan,SDN,2019,118.66
Suriname,SUR,2000,4.3
Suriname,SUR,2001,4.24
Suriname,SUR,2002,4.18
Suriname,SUR,2003,4.12
Suriname,SUR,2004,4.07
Suriname,SUR,2005,4.01
Suriname,SUR,2006,3.95
Suriname,SUR,2007,3.95
Suriname,SUR,2008,3.95
Suriname,SUR,2009,3.95
Suriname,SUR,2010,3.95
Suriname,SUR,2011,3.95
Suriname,SUR,2012,3.95
Suriname,SUR,2013,3.95
Suriname,SUR,2014,3.95
Suriname,SUR,2015,3.95
Suriname,SUR,2016,3.95
Suriname,SUR,2017,3.95
Suriname,SUR,2018,3.95
Suriname,SUR,2019,3.95
Sweden,SWE,2000,3.88
Sweden,SWE,2001,3.86
Sweden,SWE,2002,3.86
Sweden,SWE,2003,3.84
Sweden,SWE,2004,3.82
Sweden,SWE,2005,3.8
Sweden,SWE,2006,3.8
Sweden,SWE,2007,3.8
Sweden,SWE,2008,3.82
Sweden,SWE,2009,3.85
Sweden,SWE,2010,3.88
Sweden,SWE,2011,3.79
Sweden,SWE,2012,3.7
Sweden,SWE,2013,3.61
Sweden,SWE,2014,3.52
Sweden,SWE,2015,3.43
Sweden,SWE,2016,3.43
Sweden,SWE,2017,3.43
Sweden,SWE,2018,3.43
Sweden,SWE,2019,3.43
Switzerland,CHE,2000,9.66
Switzerland,CHE,2001,9.63
Switzerland,CHE,2002,9.6
Switzerland,CHE,2003,9.41
Switzerland,CHE,2004,9.21
Switzerland,CHE,2005,9.02
Switzerland,CHE,2006,8.82
Switzerland,CHE,2007,8.62
Switzerland,CHE,2008,8.43
Switzerland,CHE,2009,8.23
Switzerland,CHE,2010,8.04
Switzerland,CHE,2011,7.84
Switzerland,CHE,2012,7.63
Switzerland,CHE,2013,6.56
Switzerland,CHE,2014,6.5
Switzerland,CHE,2015,6.51
Switzerland,CHE,2016,6.5
Switzerland,CHE,2017,6.5
Switzerland,CHE,2018,6.5
Switzerland,CHE,2019,6.5
Syria,SYR,2000,134.22
Syria,SYR,2001,138.52
Syria,SYR,2002,145.69
Syria,SYR,2003,128.64
Syria,SYR,2004,125.65
Syria,SYR,2005,125.96
Syria,SYR,2006,125.96
Syria,SYR,2007,125.96
Syria,SYR,2008,125.96
Syria,SYR,2009,125.56
Syria,SYR,2010,125.16
Syria,SYR,2011,124.76
Syria,SYR,2012,124.36
Syria,SYR,2013,124.36
Syria,SYR,2014,124.36
Syria,SYR,2015,124.36
Syria,SYR,2016,124.36
Syria,SYR,2017,124.36
Syria,SYR,2018,124.36
Syria,SYR,2019,124.36
Tajikistan,TJK,2000,81.2
Tajikistan,TJK,2001,79.98
Tajikistan,TJK,2002,78.75
Tajikistan,TJK,2003,77.53
Tajikistan,TJK,2004,76.3
Tajikistan,TJK,2005,75.08
Tajikistan,TJK,2006,73.85
Tajikistan,TJK,2007,73.29
Tajikistan,TJK,2008,72.72
Tajikistan,TJK,2009,72.15
Tajikistan,TJK,2010,71.58
Tajikistan,TJK,2011,71.01
Tajikistan,TJK,2012,70.45
Tajikistan,TJK,2013,69.88
Tajikistan,TJK,2014,69.31
Tajikistan,TJK,2015,68.74
Tajikistan,TJK,2016,57.72
Tajikistan,TJK,2017,52.7
Tajikistan,TJK,2018,64.48
Tajikistan,TJK,2019,69.94
Tanzania,TZA,2000,10.65
Tanzania,TZA,2001,11.81
Tanzania,TZA,2002,12.96
Tanzania,TZA,2003,12.96
Tanzania,TZA,2004,12.96
Tanzania,TZA,2005,12.96
Tanzania,TZA,2006,12.96
Tanzania,TZA,2007,12.96
Tanzania,TZA,2008,12.96
Tanzania,TZA,2009,12.96
Tanzania,TZA,2010,12.96
Tanzania,TZA,2011,12.96
Tanzania,TZA,2012,12.96
Tanzania,TZA,2013,12.96
Tanzania,TZA,2014,12.96
Tanzania,TZA,2015,12.96
Tanzania,TZA,2016,12.96
Tanzania,TZA,2017,12.96
Tanzania,TZA,2018,12.96
Tanzania,TZA,2019,12.96
Thailand,THA,2007,23.01
Thailand,THA,2008,23.01
Thailand,THA,2009,23.01
Thailand,THA,2010,23.01
Thailand,THA,2011,23.01
Thailand,THA,2012,23.01
Thailand,THA,2013,23.01
Thailand,THA,2014,23.01
Thailand,THA,2015,23.01
Thailand,THA,2016,23.01
Thailand,THA,2017,23.01
Thailand,THA,2018,23.01
Thailand,THA,2019,23.01
Timor,TLS,2004,28.27
Timor,TLS,2005,28.27
Timor,TLS,2006,28.27
Timor,TLS,2007,28.27
Timor,TLS,2008,28.27
Timor,TLS,2009,28.27
Timor,TLS,2010,28.27
Timor,TLS,2011,28.27
Timor,TLS,2012,28.27
Timor,TLS,2013,28.27
Timor,TLS,2014,28.27
Timor,TLS,2015,28.27
Timor,TLS,2016,28.27
Timor,TLS,2017,28.27
Timor,TLS,2018,28.27
Timor,TLS,2019,28.27
Togo,TGO,2000,2.58
Togo,TGO,2001,2.58
Togo,TGO,2002,2.57
Togo,TGO,2003,2.84
Togo,TGO,2004,3.12
Togo,TGO,2005,3.39
Togo,TGO,2006,3.39
Togo,TGO,2007,3.39
Togo,TGO,2008,3.39
Togo,TGO,2009,3.39
Togo,TGO,2010,3.39
Togo,TGO,2011,3.39
Togo,TGO,2012,3.39
Togo,TGO,2013,3.39
Togo,TGO,2014,3.39
Togo,TGO,2015,3.39
Togo,TGO,2016,3.39
Togo,TGO,2017,3.39
Togo,TGO,2018,3.39
Togo,TGO,2019,3.39
Trinidad and Tobago,TTO,2000,18.98
Trinidad and Tobago,TTO,2001,19.36
Trinidad and Tobago,TTO,2002,19.73
Trinidad and Tobago,TTO,2003,20.11
Trinidad and Tobago,TTO,2004,20.48
Trinidad and Tobago,TTO,2005,18.68
Trinidad and Tobago,TTO,2006,18.96
Trinidad and Tobago,TTO,2007,19.23
Trinidad and Tobago,TTO,2008,19.5
Trinidad and Tobago,TTO,2009,19.78
Trinidad and Tobago,TTO,2010,20.05
Trinidad and Tobago,TTO,2011,20.33
Trinidad and Tobago,TTO,2012,20.33
Trinidad and Tobago,TTO,2013,20.33
Trinidad and Tobago,TTO,2014,20.33
Trinidad and Tobago,TTO,2015,20.33
Trinidad and Tobago,TTO,2016,20.33
Trinidad and Tobago,TTO,2017,20.33
Trinidad and Tobago,TTO,2018,20.33
Trinidad and Tobago,TTO,2019,20.33
Tunisia,TUN,2000,66.02
Tunisia,TUN,2001,71.33
Tunisia,TUN,2002,71.71
Tunisia,TUN,2003,72.09
Tunisia,TUN,2004,72.47
Tunisia,TUN,2005,72.85
Tunisia,TUN,2006,73.23
Tunisia,TUN,2007,73.61
Tunisia,TUN,2008,73.99
Tunisia,TUN,2009,76.56
Tunisia,TUN,2010,79.12
Tunisia,TUN,2011,81.68
Tunisia,TUN,2012,84.27
Tunisia,TUN,2013,86.85
Tunisia,TUN,2014,89.44
Tunisia,TUN,2015,92.02
Tunisia,TUN,2016,94.61
Tunisia,TUN,2017,89.53
Tunisia,TUN,2018,96
Tunisia,TUN,2019,96
Turkey,TUR,2000,31.2
Turkey,TUR,2001,30.41
Turkey,TUR,2002,29.62
Turkey,TUR,2003,28.83
Turkey,TUR,2004,29.37
Turkey,TUR,2005,29.9
Turkey,TUR,2006,30.44
Turkey,TUR,2007,30.8
Turkey,TUR,2008,31.17
Turkey,TUR,2009,33.52
Turkey,TUR,2010,34.88
Turkey,TUR,2011,36.2
Turkey,TUR,2012,37.52
Turkey,TUR,2013,38.06
Turkey,TUR,2014,38.6
Turkey,TUR,2015,39.89
Turkey,TUR,2016,44.28
Turkey,TUR,2017,43.67
Turkey,TUR,2018,45.38
Turkey,TUR,2019,45.71
Turkmenistan,TKM,2000,127.91
Turkmenistan,TKM,2001,130.94
Turkmenistan,TKM,2002,133.96
Turkmenistan,TKM,2003,136.99
Turkmenistan,TKM,2004,143.56
Turkmenistan,TKM,2005,143.56
Turkmenistan,TKM,2006,143.56
Turkmenistan,TKM,2007,143.56
Turkmenistan,TKM,2008,143.56
Turkmenistan,TKM,2009,143.56
Turkmenistan,TKM,2010,143.56
Turkmenistan,TKM,2011,143.56
Turkmenistan,TKM,2012,143.56
Turkmenistan,TKM,2013,143.56
Turkmenistan,TKM,2014,143.56
Turkmenistan,TKM,2015,143.56
Turkmenistan,TKM,2016,143.56
Turkmenistan,TKM,2017,143.56
Turkmenistan,TKM,2018,143.56
Turkmenistan,TKM,2019,143.56
Uganda,UGA,2000,3.02
Uganda,UGA,2001,3.16
Uganda,UGA,2002,3.31
Uganda,UGA,2003,3.73
Uganda,UGA,2004,4.15
Uganda,UGA,2005,4.57
Uganda,UGA,2006,4.99
Uganda,UGA,2007,5.41
Uganda,UGA,2008,5.83
Uganda,UGA,2009,5.83
Uganda,UGA,2010,5.83
Uganda,UGA,2011,5.83
Uganda,UGA,2012,5.83
Uganda,UGA,2013,5.83
Uganda,UGA,2014,5.83
Uganda,UGA,2015,5.83
Uganda,UGA,2016,5.83
Uganda,UGA,2017,5.83
Uganda,UGA,2018,5.83
Uganda,UGA,2019,5.83
Ukraine,UKR,2000,23.68
Ukraine,UKR,2001,22.86
Ukraine,UKR,2002,22.03
Ukraine,UKR,2003,21.2
Ukraine,UKR,2004,20.37
Ukraine,UKR,2005,19.54
Ukraine,UKR,2006,19.48
Ukraine,UKR,2007,19.42
Ukraine,UKR,2008,19.36
Ukraine,UKR,2009,19.3
Ukraine,UKR,2010,19.24
Ukraine,UKR,2011,17.96
Ukraine,UKR,2012,16.68
Ukraine,UKR,2013,15.4
Ukraine,UKR,2014,14.12
Ukraine,UKR,2015,11.8
Ukraine,UKR,2016,12.08
Ukraine,UKR,2017,13.87
Ukraine,UKR,2018,13.87
Ukraine,UKR,2019,13.73
United Arab Emirates,ARE,2000,1555.87
United Arab Emirates,ARE,2001,1527.93
United Arab Emirates,ARE,2002,1499.99
United Arab Emirates,ARE,2003,1472.05
United Arab Emirates,ARE,2004,1669.36
United Arab Emirates,ARE,2005,1866.67
United Arab Emirates,ARE,2006,1856.91
United Arab Emirates,ARE,2007,1847.15
United Arab Emirates,ARE,2008,1837.39
United Arab Emirates,ARE,2009,1827.64
United Arab Emirates,ARE,2010,1817.88
United Arab Emirates,ARE,2011,1808.12
United Arab Emirates,ARE,2012,1798.36
United Arab Emirates,ARE,2013,1788.61
United Arab Emirates,ARE,2014,1778.85
United Arab Emirates,ARE,2015,1769.09
United Arab Emirates,ARE,2016,1759.33
United Arab Emirates,ARE,2017,1708
United Arab Emirates,ARE,2018,1667.33
United Arab Emirates,ARE,2019,1630.67
United Kingdom,GBR,2000,21.29
United Kingdom,GBR,2001,21.42
United Kingdom,GBR,2002,21.55
United Kingdom,GBR,2003,21.69
United Kingdom,GBR,2004,21.82
United Kingdom,GBR,2005,21.96
United Kingdom,GBR,2006,22.09
United Kingdom,GBR,2007,14.51
United Kingdom,GBR,2008,14.23
United Kingdom,GBR,2009,14.12
United Kingdom,GBR,2010,14.09
United Kingdom,GBR,2011,13.1
United Kingdom,GBR,2012,13.67
United Kingdom,GBR,2013,13.05
United Kingdom,GBR,2014,12.42
United Kingdom,GBR,2015,13.91
United Kingdom,GBR,2016,14.35
United Kingdom,GBR,2017,14.35
United Kingdom,GBR,2018,14.35
United Kingdom,GBR,2019,14.35
United States,USA,2000,30.01
United States,USA,2001,30.08
United States,USA,2002,30.14
United States,USA,2003,30.2
United States,USA,2004,30.27
United States,USA,2005,30.33
United States,USA,2006,29.57
United States,USA,2007,28.81
United States,USA,2008,28.06
United States,USA,2009,27.3
United States,USA,2010,26.53
United States,USA,2011,26.86
United States,USA,2012,27.19
United States,USA,2013,27.51
United States,USA,2014,27.84
United States,USA,2015,28.16
United States,USA,2016,28.16
United States,USA,2017,28.16
United States,USA,2018,28.16
United States,USA,2019,28.16
Uruguay,URY,2000,9.79
Uruguay,URY,2001,9.79
Uruguay,URY,2002,9.79
Uruguay,URY,2003,9.79
Uruguay,URY,2004,9.79
Uruguay,URY,2005,9.79
Uruguay,URY,2006,9.79
Uruguay,URY,2007,9.79
Uruguay,URY,2008,9.79
Uruguay,URY,2009,9.79
Uruguay,URY,2010,9.79
Uruguay,URY,2011,9.79
Uruguay,URY,2012,9.79
Uruguay,URY,2013,9.79
Uruguay,URY,2014,9.79
Uruguay,URY,2015,9.79
Uruguay,URY,2016,9.79
Uruguay,URY,2017,9.79
Uruguay,URY,2018,9.79
Uruguay,URY,2019,9.79
Uzbekistan,UZB,2000,153.08
Uzbekistan,UZB,2001,154.12
Uzbekistan,UZB,2002,150.83
Uzbekistan,UZB,2003,147.55
Uzbekistan,UZB,2004,144.26
Uzbekistan,UZB,2005,140.98
Uzbekistan,UZB,2006,141.4
Uzbekistan,UZB,2007,141.81
Uzbekistan,UZB,2008,142.22
Uzbekistan,UZB,2009,142.64
Uzbekistan,UZB,2010,143.05
Uzbekistan,UZB,2011,143.47
Uzbekistan,UZB,2012,143.88
Uzbekistan,UZB,2013,144.29
Uzbekistan,UZB,2014,144.71
Uzbekistan,UZB,2015,158.13
Uzbekistan,UZB,2016,156.44
Uzbekistan,UZB,2017,168.91
Uzbekistan,UZB,2018,168.92
Uzbekistan,UZB,2019,168.92
Venezuela,VEN,2000,3.02
Venezuela,VEN,2001,3.68
Venezuela,VEN,2002,4.34
Venezuela,VEN,2003,4.76
Venezuela,VEN,2004,5.38
Venezuela,VEN,2005,6.01
Venezuela,VEN,2006,6.59
Venezuela,VEN,2007,7.54
Venezuela,VEN,2008,7.54
Venezuela,VEN,2009,7.54
Venezuela,VEN,2010,7.54
Venezuela,VEN,2011,7.54
Venezuela,VEN,2012,7.54
Venezuela,VEN,2013,7.54
Venezuela,VEN,2014,7.54
Venezuela,VEN,2015,7.54
Venezuela,VEN,2016,7.54
Venezuela,VEN,2017,7.54
Venezuela,VEN,2018,7.54
Venezuela,VEN,2019,7.54
Vietnam,VNM,2000,15.9
Vietnam,VNM,2001,16.36
Vietnam,VNM,2002,16.81
Vietnam,VNM,2003,17.22
Vietnam,VNM,2004,17.68
Vietnam,VNM,2005,18.13
Vietnam,VNM,2006,18.13
Vietnam,VNM,2007,18.13
Vietnam,VNM,2008,18.13
Vietnam,VNM,2009,18.13
Vietnam,VNM,2010,18.13
Vietnam,VNM,2011,18.13
Vietnam,VNM,2012,18.13
Vietnam,VNM,2013,18.13
Vietnam,VNM,2014,18.13
Vietnam,VNM,2015,18.13
Vietnam,VNM,2016,18.13
Vietnam,VNM,2017,18.13
Vietnam,VNM,2018,18.13
Vietnam,VNM,2019,18.13
World,OWID_WRL,2015,18.25
World,OWID_WRL,2016,18.39
World,OWID_WRL,2017,18.55
World,OWID_WRL,2018,18.52
World,OWID_WRL,2019,18.55
Yemen,YEM,2000,161.14
Yemen,YEM,2001,162.87
Yemen,YEM,2002,164.59
Yemen,YEM,2003,166.31
Yemen,YEM,2004,168.04
Yemen,YEM,2005,169.76
Yemen,YEM,2006,169.76
Yemen,YEM,2007,169.76
Yemen,YEM,2008,169.76
Yemen,YEM,2009,169.76
Yemen,YEM,2010,169.76
Yemen,YEM,2011,169.76
Yemen,YEM,2012,169.76
Yemen,YEM,2013,169.76
Yemen,YEM,2014,169.76
Yemen,YEM,2015,169.76
Yemen,YEM,2016,169.76
Yemen,YEM,2017,169.76
Yemen,YEM,2018,169.76
Yemen,YEM,2019,169.76
Zambia,ZMB,2000,2.9
Zambia,ZMB,2001,2.87
Zambia,ZMB,2002,2.84
Zambia,ZMB,2003,2.84
Zambia,ZMB,2004,2.84
Zambia,ZMB,2005,2.84
Zambia,ZMB,2006,2.84
Zambia,ZMB,2007,2.84
Zambia,ZMB,2008,2.84
Zambia,ZMB,2009,2.84
Zambia,ZMB,2010,2.84
Zambia,ZMB,2011,2.84
Zambia,ZMB,2012,2.84
Zambia,ZMB,2013,2.84
Zambia,ZMB,2014,2.84
Zambia,ZMB,2015,2.84
Zambia,ZMB,2016,2.84
Zambia,ZMB,2017,2.84
Zambia,ZMB,2018,2.84
Zambia,ZMB,2019,2.84
Zimbabwe,ZWE,2000,35.74
Zimbabwe,ZWE,2001,37.61
Zimbabwe,ZWE,2002,39.48
Zimbabwe,ZWE,2003,38.28
Zimbabwe,ZWE,2004,37.09
Zimbabwe,ZWE,2005,35.9
Zimbabwe,ZWE,2006,34.71
Zimbabwe,ZWE,2007,33.51
Zimbabwe,ZWE,2008,33.31
Zimbabwe,ZWE,2009,33.1
Zimbabwe,ZWE,2010,32.9
Zimbabwe,ZWE,2011,32.7
Zimbabwe,ZWE,2012,32.49
Zimbabwe,ZWE,2013,32.28
Zimbabwe,ZWE,2014,32.08
Zimbabwe,ZWE,2015,31.87
Zimbabwe,ZWE,2016,31.94
Zimbabwe,ZWE,2017,31.35
Zimbabwe,ZWE,2018,35.41
Zimbabwe,ZWE,2019,35.41